Method,Job,AnalyzeLaunchVariance,EvaluateOverhead,MaxAbsoluteError,MaxRelativeError,MinInvokeCount,MinIterationTime,OutlierMode,Affinity,EnvironmentVariables,Jit,LargeAddressAware,Platform,PowerPlanMode,Runtime,AllowVeryLargeObjects,Concurrent,CpuGroups,Force,HeapAffinitizeMask,HeapCount,NoAffinitize,RetainVm,Server,Arguments,BuildConfiguration,Clock,EngineFactory,NuGetReferences,Toolchain,IsMutator,InvocationCount,IterationCount,IterationTime,LaunchCount,MaxIterationCount,MaxWarmupIterationCount,MemoryRandomization,MinIterationCount,MinWarmupIterationCount,RunStrategy,UnrollFactor,WarmupCount,OperationCount,PayloadSize,ProviderType,CoreCount,Mean,Error,StdDev,Median,Gen0,Completed Work Items,Lock Contentions,Gen1,Gen2,Allocated
'Sequential Write Operations',Job-CKOZGI,False,Default,Default,Default,Default,Default,Default,11111111,Empty,RyuJit,Default,X64,8c5e7fda-e8bf-4a96-9a85-a6e23a8c635c,.NET 9.0,False,True,False,True,Default,Default,False,False,False,Default,Default,Default,Default,Default,Default,Default,Default,5,Default,1,Default,Default,Default,Default,Default,Throughput,16,3,50,Small,InMemory,8,27.94 μs,0.817 μs,0.126 μs,27.94 μs,1.3733,0.0000,0.0000,0.0000,0.0000,8.59 KB
'Sequential Read Operations',Job-CKOZGI,False,Default,Default,Default,Default,Default,Default,11111111,Empty,RyuJit,Default,X64,8c5e7fda-e8bf-4a96-9a85-a6e23a8c635c,.NET 9.0,False,True,False,True,Default,Default,False,False,False,Default,Default,Default,Default,Default,Default,Default,Default,5,Default,1,Default,Default,Default,Default,Default,Throughput,16,3,50,Small,InMemory,8,30.56 μs,0.403 μs,0.105 μs,30.59 μs,1.9531,0.0000,0.0000,0.0000,0.0000,12.11 KB
"'Mixed Operations (70% Read, 20% Write, 10% Delete)'",Job-CKOZGI,False,Default,Default,Default,Default,Default,Default,11111111,Empty,RyuJit,Default,X64,8c5e7fda-e8bf-4a96-9a85-a6e23a8c635c,.NET 9.0,False,True,False,True,Default,Default,False,False,False,Default,Default,Default,Default,Default,Default,Default,Default,5,Default,1,Default,Default,Default,Default,Default,Throughput,16,3,50,Small,InMemory,8,16.47 μs,0.573 μs,0.149 μs,16.47 μs,1.5259,0.0000,0.0000,0.0000,0.0000,9.44 KB
'Batch Operations',Job-CKOZGI,False,Default,Default,Default,Default,Default,Default,11111111,Empty,RyuJit,Default,X64,8c5e7fda-e8bf-4a96-9a85-a6e23a8c635c,.NET 9.0,False,True,False,True,Default,Default,False,False,False,Default,Default,Default,Default,Default,Default,Default,Default,5,Default,1,Default,Default,Default,Default,Default,Throughput,16,3,50,Small,InMemory,8,28.11 μs,0.406 μs,0.063 μs,28.11 μs,1.5869,0.0000,0.0000,0.0000,0.0000,9.75 KB
'GetAll Operation',Job-CKOZGI,False,Default,Default,Default,Default,Default,Default,11111111,Empty,RyuJit,Default,X64,8c5e7fda-e8bf-4a96-9a85-a6e23a8c635c,.NET 9.0,False,True,False,True,Default,Default,False,False,False,Default,Default,Default,Default,Default,Default,Default,Default,5,Default,1,Default,Default,Default,Default,Default,Throughput,16,3,50,Small,InMemory,8,29.90 μs,0.812 μs,0.211 μs,29.91 μs,1.5869,0.0000,0.0000,0.0000,0.0000,9.76 KB
'Sequential Write Operations',Job-MTDSPA,False,Default,Default,Default,Default,Default,Default,11111111,Empty,RyuJit,Default,X64,8c5e7fda-e8bf-4a96-9a85-a6e23a8c635c,.NET 9.0,False,True,False,True,Default,Default,False,False,False,Default,Default,Default,Default,Default,Default,Default,Default,Default,Default,Default,Default,Default,Default,Default,Default,Throughput,16,Default,50,Small,InMemory,8,27.37 μs,0.137 μs,0.122 μs,27.39 μs,1.3733,0.0000,0.0000,0.0000,0.0000,8.59 KB
'Sequential Read Operations',Job-MTDSPA,False,Default,Default,Default,Default,Default,Default,11111111,Empty,RyuJit,Default,X64,8c5e7fda-e8bf-4a96-9a85-a6e23a8c635c,.NET 9.0,False,True,False,True,Default,Default,False,False,False,Default,Default,Default,Default,Default,Default,Default,Default,Default,Default,Default,Default,Default,Default,Default,Default,Throughput,16,Default,50,Small,InMemory,8,30.88 μs,0.148 μs,0.124 μs,30.90 μs,1.9531,0.0000,0.0000,0.0000,0.0000,12.11 KB
"'Mixed Operations (70% Read, 20% Write, 10% Delete)'",Job-MTDSPA,False,Default,Default,Default,Default,Default,Default,11111111,Empty,RyuJit,Default,X64,8c5e7fda-e8bf-4a96-9a85-a6e23a8c635c,.NET 9.0,False,True,False,True,Default,Default,False,False,False,Default,Default,Default,Default,Default,Default,Default,Default,Default,Default,Default,Default,Default,Default,Default,Default,Throughput,16,Default,50,Small,InMemory,8,16.39 μs,0.117 μs,0.109 μs,16.40 μs,1.5259,0.0000,0.0000,0.0000,0.0000,9.44 KB
'Batch Operations',Job-MTDSPA,False,Default,Default,Default,Default,Default,Default,11111111,Empty,RyuJit,Default,X64,8c5e7fda-e8bf-4a96-9a85-a6e23a8c635c,.NET 9.0,False,True,False,True,Default,Default,False,False,False,Default,Default,Default,Default,Default,Default,Default,Default,Default,Default,Default,Default,Default,Default,Default,Default,Throughput,16,Default,50,Small,InMemory,8,28.19 μs,0.205 μs,0.192 μs,28.19 μs,1.5869,0.0000,0.0000,0.0000,0.0000,9.75 KB
'GetAll Operation',Job-MTDSPA,False,Default,Default,Default,Default,Default,Default,11111111,Empty,RyuJit,Default,X64,8c5e7fda-e8bf-4a96-9a85-a6e23a8c635c,.NET 9.0,False,True,False,True,Default,Default,False,False,False,Default,Default,Default,Default,Default,Default,Default,Default,Default,Default,Default,Default,Default,Default,Default,Default,Throughput,16,Default,50,Small,InMemory,8,31.76 μs,0.604 μs,0.593 μs,31.98 μs,1.5869,0.0000,0.0000,0.0000,0.0000,9.76 KB
'Sequential Write Operations',Job-CKOZGI,False,Default,Default,Default,Default,Default,Default,11111111,Empty,RyuJit,Default,X64,8c5e7fda-e8bf-4a96-9a85-a6e23a8c635c,.NET 9.0,False,True,False,True,Default,Default,False,False,False,Default,Default,Default,Default,Default,Default,Default,Default,5,Default,1,Default,Default,Default,Default,Default,Throughput,16,3,50,Small,FileSystem,8,"61,559.92 μs","47,962.332 μs","12,455.665 μs","53,634.08 μs",100.0000,50.0000,0.0000,0.0000,0.0000,772.85 KB
'Sequential Read Operations',Job-CKOZGI,False,Default,Default,Default,Default,Default,Default,11111111,Empty,RyuJit,Default,X64,8c5e7fda-e8bf-4a96-9a85-a6e23a8c635c,.NET 9.0,False,True,False,True,Default,Default,False,False,False,Default,Default,Default,Default,Default,Default,Default,Default,5,Default,1,Default,Default,Default,Default,Default,Throughput,16,3,50,Small,FileSystem,8,"143,058.14 μs","144,184.101 μs","37,444.153 μs","139,758.62 μs",250.0000,150.0000,0.0000,0.0000,0.0000,1754.93 KB
"'Mixed Operations (70% Read, 20% Write, 10% Delete)'",Job-CKOZGI,False,Default,Default,Default,Default,Default,Default,11111111,Empty,RyuJit,Default,X64,8c5e7fda-e8bf-4a96-9a85-a6e23a8c635c,.NET 9.0,False,True,False,True,Default,Default,False,False,False,Default,Default,Default,Default,Default,Default,Default,Default,5,Default,1,Default,Default,Default,Default,Default,Throughput,16,3,50,Small,FileSystem,8,"90,824.74 μs","135,399.974 μs","20,953.296 μs","94,319.27 μs",0.0000,110.0000,0.0000,0.0000,0.0000,1294.92 KB
'Batch Operations',Job-CKOZGI,False,Default,Default,Default,Default,Default,Default,11111111,Empty,RyuJit,Default,X64,8c5e7fda-e8bf-4a96-9a85-a6e23a8c635c,.NET 9.0,False,True,False,True,Default,Default,False,False,False,Default,Default,Default,Default,Default,Default,Default,Default,5,Default,1,Default,Default,Default,Default,Default,Throughput,16,3,50,Small,FileSystem,8,"63,088.55 μs","25,001.469 μs","6,492.802 μs","63,774.71 μs",0.0000,50.0000,0.0000,0.0000,0.0000,774.05 KB
'GetAll Operation',Job-CKOZGI,False,Default,Default,Default,Default,Default,Default,11111111,Empty,RyuJit,Default,X64,8c5e7fda-e8bf-4a96-9a85-a6e23a8c635c,.NET 9.0,False,True,False,True,Default,Default,False,False,False,Default,Default,Default,Default,Default,Default,Default,Default,5,Default,1,Default,Default,Default,Default,Default,Throughput,16,3,50,Small,FileSystem,8,"88,104.61 μs","23,417.442 μs","6,081.435 μs","87,597.08 μs",166.6667,150.1667,0.0000,0.0000,0.0000,1792.82 KB
'Sequential Write Operations',Job-MTDSPA,False,Default,Default,Default,Default,Default,Default,11111111,Empty,RyuJit,Default,X64,8c5e7fda-e8bf-4a96-9a85-a6e23a8c635c,.NET 9.0,False,True,False,True,Default,Default,False,False,False,Default,Default,Default,Default,Default,Default,Default,Default,Default,Default,Default,Default,Default,Default,Default,Default,Throughput,16,Default,50,Small,FileSystem,8,"72,862.84 μs","5,150.406 μs","15,023.976 μs","76,935.38 μs",111.1111,50.0000,0.0000,0.0000,0.0000,772.88 KB
'Sequential Read Operations',Job-MTDSPA,False,Default,Default,Default,Default,Default,Default,11111111,Empty,RyuJit,Default,X64,8c5e7fda-e8bf-4a96-9a85-a6e23a8c635c,.NET 9.0,False,True,False,True,Default,Default,False,False,False,Default,Default,Default,Default,Default,Default,Default,Default,Default,Default,Default,Default,Default,Default,Default,Default,Throughput,16,Default,50,Small,FileSystem,8,"90,882.35 μs","6,864.771 μs","20,024.859 μs","88,848.21 μs",166.6667,150.0000,0.0000,0.0000,0.0000,1754.9 KB
"'Mixed Operations (70% Read, 20% Write, 10% Delete)'",Job-MTDSPA,False,Default,Default,Default,Default,Default,Default,11111111,Empty,RyuJit,Default,X64,8c5e7fda-e8bf-4a96-9a85-a6e23a8c635c,.NET 9.0,False,True,False,True,Default,Default,False,False,False,Default,Default,Default,Default,Default,Default,Default,Default,Default,Default,Default,Default,Default,Default,Default,Default,Throughput,16,Default,50,Small,FileSystem,8,"47,548.34 μs",849.879 μs,663.529 μs,"47,723.94 μs",200.0000,110.0000,0.0000,0.0000,0.0000,1294.65 KB
'Batch Operations',Job-MTDSPA,False,Default,Default,Default,Default,Default,Default,11111111,Empty,RyuJit,Default,X64,8c5e7fda-e8bf-4a96-9a85-a6e23a8c635c,.NET 9.0,False,True,False,True,Default,Default,False,False,False,Default,Default,Default,Default,Default,Default,Default,Default,Default,Default,Default,Default,Default,Default,Default,Default,Throughput,16,Default,50,Small,FileSystem,8,"45,998.49 μs",921.349 μs,"2,568.353 μs","45,467.35 μs",90.9091,50.0000,0.0000,0.0000,0.0000,774.02 KB
'GetAll Operation',Job-MTDSPA,False,Default,Default,Default,Default,Default,Default,11111111,Empty,RyuJit,Default,X64,8c5e7fda-e8bf-4a96-9a85-a6e23a8c635c,.NET 9.0,False,True,False,True,Default,Default,False,False,False,Default,Default,Default,Default,Default,Default,Default,Default,Default,Default,Default,Default,Default,Default,Default,Default,Throughput,16,Default,50,Small,FileSystem,8,"76,229.46 μs","8,316.926 μs","24,260.864 μs","63,534.47 μs",222.2222,149.8889,0.0000,111.1111,0.0000,1793.51 KB
'Sequential Write Operations',Job-CKOZGI,False,Default,Default,Default,Default,Default,Default,11111111,Empty,RyuJit,Default,X64,8c5e7fda-e8bf-4a96-9a85-a6e23a8c635c,.NET 9.0,False,True,False,True,Default,Default,False,False,False,Default,Default,Default,Default,Default,Default,Default,Default,5,Default,1,Default,Default,Default,Default,Default,Throughput,16,3,50,Small,SqlServer,8,NA,NA,NA,NA,NA,NA,NA,NA,NA,NA
'Sequential Read Operations',Job-CKOZGI,False,Default,Default,Default,Default,Default,Default,11111111,Empty,RyuJit,Default,X64,8c5e7fda-e8bf-4a96-9a85-a6e23a8c635c,.NET 9.0,False,True,False,True,Default,Default,False,False,False,Default,Default,Default,Default,Default,Default,Default,Default,5,Default,1,Default,Default,Default,Default,Default,Throughput,16,3,50,Small,SqlServer,8,NA,NA,NA,NA,NA,NA,NA,NA,NA,NA
"'Mixed Operations (70% Read, 20% Write, 10% Delete)'",Job-CKOZGI,False,Default,Default,Default,Default,Default,Default,11111111,Empty,RyuJit,Default,X64,8c5e7fda-e8bf-4a96-9a85-a6e23a8c635c,.NET 9.0,False,True,False,True,Default,Default,False,False,False,Default,Default,Default,Default,Default,Default,Default,Default,5,Default,1,Default,Default,Default,Default,Default,Throughput,16,3,50,Small,SqlServer,8,NA,NA,NA,NA,NA,NA,NA,NA,NA,NA
'Batch Operations',Job-CKOZGI,False,Default,Default,Default,Default,Default,Default,11111111,Empty,RyuJit,Default,X64,8c5e7fda-e8bf-4a96-9a85-a6e23a8c635c,.NET 9.0,False,True,False,True,Default,Default,False,False,False,Default,Default,Default,Default,Default,Default,Default,Default,5,Default,1,Default,Default,Default,Default,Default,Throughput,16,3,50,Small,SqlServer,8,NA,NA,NA,NA,NA,NA,NA,NA,NA,NA
'GetAll Operation',Job-CKOZGI,False,Default,Default,Default,Default,Default,Default,11111111,Empty,RyuJit,Default,X64,8c5e7fda-e8bf-4a96-9a85-a6e23a8c635c,.NET 9.0,False,True,False,True,Default,Default,False,False,False,Default,Default,Default,Default,Default,Default,Default,Default,5,Default,1,Default,Default,Default,Default,Default,Throughput,16,3,50,Small,SqlServer,8,NA,NA,NA,NA,NA,NA,NA,NA,NA,NA
'Sequential Write Operations',Job-MTDSPA,False,Default,Default,Default,Default,Default,Default,11111111,Empty,RyuJit,Default,X64,8c5e7fda-e8bf-4a96-9a85-a6e23a8c635c,.NET 9.0,False,True,False,True,Default,Default,False,False,False,Default,Default,Default,Default,Default,Default,Default,Default,Default,Default,Default,Default,Default,Default,Default,Default,Throughput,16,Default,50,Small,SqlServer,8,NA,NA,NA,NA,NA,NA,NA,NA,NA,NA
'Sequential Read Operations',Job-MTDSPA,False,Default,Default,Default,Default,Default,Default,11111111,Empty,RyuJit,Default,X64,8c5e7fda-e8bf-4a96-9a85-a6e23a8c635c,.NET 9.0,False,True,False,True,Default,Default,False,False,False,Default,Default,Default,Default,Default,Default,Default,Default,Default,Default,Default,Default,Default,Default,Default,Default,Throughput,16,Default,50,Small,SqlServer,8,NA,NA,NA,NA,NA,NA,NA,NA,NA,NA
"'Mixed Operations (70% Read, 20% Write, 10% Delete)'",Job-MTDSPA,False,Default,Default,Default,Default,Default,Default,11111111,Empty,RyuJit,Default,X64,8c5e7fda-e8bf-4a96-9a85-a6e23a8c635c,.NET 9.0,False,True,False,True,Default,Default,False,False,False,Default,Default,Default,Default,Default,Default,Default,Default,Default,Default,Default,Default,Default,Default,Default,Default,Throughput,16,Default,50,Small,SqlServer,8,NA,NA,NA,NA,NA,NA,NA,NA,NA,NA
'Batch Operations',Job-MTDSPA,False,Default,Default,Default,Default,Default,Default,11111111,Empty,RyuJit,Default,X64,8c5e7fda-e8bf-4a96-9a85-a6e23a8c635c,.NET 9.0,False,True,False,True,Default,Default,False,False,False,Default,Default,Default,Default,Default,Default,Default,Default,Default,Default,Default,Default,Default,Default,Default,Default,Throughput,16,Default,50,Small,SqlServer,8,NA,NA,NA,NA,NA,NA,NA,NA,NA,NA
'GetAll Operation',Job-MTDSPA,False,Default,Default,Default,Default,Default,Default,11111111,Empty,RyuJit,Default,X64,8c5e7fda-e8bf-4a96-9a85-a6e23a8c635c,.NET 9.0,False,True,False,True,Default,Default,False,False,False,Default,Default,Default,Default,Default,Default,Default,Default,Default,Default,Default,Default,Default,Default,Default,Default,Throughput,16,Default,50,Small,SqlServer,8,NA,NA,NA,NA,NA,NA,NA,NA,NA,NA
'Sequential Write Operations',Job-CKOZGI,False,Default,Default,Default,Default,Default,Default,11111111,Empty,RyuJit,Default,X64,8c5e7fda-e8bf-4a96-9a85-a6e23a8c635c,.NET 9.0,False,True,False,True,Default,Default,False,False,False,Default,Default,Default,Default,Default,Default,Default,Default,5,Default,1,Default,Default,Default,Default,Default,Throughput,16,3,50,Small,SQLite,8,"250,934.64 μs","29,449.087 μs","4,557.279 μs","252,486.98 μs",0.0000,0.0000,0.0000,0.0000,0.0000,645.65 KB
'Sequential Read Operations',Job-CKOZGI,False,Default,Default,Default,Default,Default,Default,11111111,Empty,RyuJit,Default,X64,8c5e7fda-e8bf-4a96-9a85-a6e23a8c635c,.NET 9.0,False,True,False,True,Default,Default,False,False,False,Default,Default,Default,Default,Default,Default,Default,Default,5,Default,1,Default,Default,Default,Default,Default,Throughput,16,3,50,Small,SQLite,8,"245,148.40 μs","47,805.658 μs","7,397.978 μs","246,002.10 μs",0.0000,0.0000,0.0000,0.0000,0.0000,1380.36 KB
"'Mixed Operations (70% Read, 20% Write, 10% Delete)'",Job-CKOZGI,False,Default,Default,Default,Default,Default,Default,11111111,Empty,RyuJit,Default,X64,8c5e7fda-e8bf-4a96-9a85-a6e23a8c635c,.NET 9.0,False,True,False,True,Default,Default,False,False,False,Default,Default,Default,Default,Default,Default,Default,Default,5,Default,1,Default,Default,Default,Default,Default,Throughput,16,3,50,Small,SQLite,8,"205,891.47 μs","43,243.775 μs","11,230.271 μs","201,775.63 μs",0.0000,0.0000,0.0000,0.0000,0.0000,1020.79 KB
'Batch Operations',Job-CKOZGI,False,Default,Default,Default,Default,Default,Default,11111111,Empty,RyuJit,Default,X64,8c5e7fda-e8bf-4a96-9a85-a6e23a8c635c,.NET 9.0,False,True,False,True,Default,Default,False,False,False,Default,Default,Default,Default,Default,Default,Default,Default,5,Default,1,Default,Default,Default,Default,Default,Throughput,16,3,50,Small,SQLite,8,"261,106.98 μs","102,437.853 μs","15,852.371 μs","255,557.95 μs",0.0000,0.0000,0.0000,0.0000,0.0000,646.66 KB
'GetAll Operation',Job-CKOZGI,False,Default,Default,Default,Default,Default,Default,11111111,Empty,RyuJit,Default,X64,8c5e7fda-e8bf-4a96-9a85-a6e23a8c635c,.NET 9.0,False,True,False,True,Default,Default,False,False,False,Default,Default,Default,Default,Default,Default,Default,Default,5,Default,1,Default,Default,Default,Default,Default,Throughput,16,3,50,Small,SQLite,8,"249,060.66 μs","70,421.321 μs","10,897.777 μs","247,585.02 μs",0.0000,0.0000,0.0000,0.0000,0.0000,1280.72 KB
'Sequential Write Operations',Job-MTDSPA,False,Default,Default,Default,Default,Default,Default,11111111,Empty,RyuJit,Default,X64,8c5e7fda-e8bf-4a96-9a85-a6e23a8c635c,.NET 9.0,False,True,False,True,Default,Default,False,False,False,Default,Default,Default,Default,Default,Default,Default,Default,Default,Default,Default,Default,Default,Default,Default,Default,Throughput,16,Default,50,Small,SQLite,8,"390,854.28 μs","53,592.095 μs","158,017.512 μs","316,997.42 μs",0.0000,0.0000,0.0000,0.0000,0.0000,645.65 KB
'Sequential Read Operations',Job-MTDSPA,False,Default,Default,Default,Default,Default,Default,11111111,Empty,RyuJit,Default,X64,8c5e7fda-e8bf-4a96-9a85-a6e23a8c635c,.NET 9.0,False,True,False,True,Default,Default,False,False,False,Default,Default,Default,Default,Default,Default,Default,Default,Default,Default,Default,Default,Default,Default,Default,Default,Throughput,16,Default,50,Small,SQLite,8,"550,208.29 μs","10,975.448 μs","21,919.156 μs","545,297.70 μs",0.0000,0.0000,0.0000,0.0000,0.0000,1381.05 KB
"'Mixed Operations (70% Read, 20% Write, 10% Delete)'",Job-MTDSPA,False,Default,Default,Default,Default,Default,Default,11111111,Empty,RyuJit,Default,X64,8c5e7fda-e8bf-4a96-9a85-a6e23a8c635c,.NET 9.0,False,True,False,True,Default,Default,False,False,False,Default,Default,Default,Default,Default,Default,Default,Default,Default,Default,Default,Default,Default,Default,Default,Default,Throughput,16,Default,50,Small,SQLite,8,"413,142.03 μs","8,255.639 μs","20,405.896 μs","409,149.70 μs",0.0000,0.0000,0.0000,0.0000,0.0000,1021.54 KB
'Batch Operations',Job-MTDSPA,False,Default,Default,Default,Default,Default,Default,11111111,Empty,RyuJit,Default,X64,8c5e7fda-e8bf-4a96-9a85-a6e23a8c635c,.NET 9.0,False,True,False,True,Default,Default,False,False,False,Default,Default,Default,Default,Default,Default,Default,Default,Default,Default,Default,Default,Default,Default,Default,Default,Throughput,16,Default,50,Small,SQLite,8,"541,858.58 μs","16,221.978 μs","44,680.043 μs","530,209.05 μs",0.0000,0.0000,0.0000,0.0000,0.0000,647.49 KB
'GetAll Operation',Job-MTDSPA,False,Default,Default,Default,Default,Default,Default,11111111,Empty,RyuJit,Default,X64,8c5e7fda-e8bf-4a96-9a85-a6e23a8c635c,.NET 9.0,False,True,False,True,Default,Default,False,False,False,Default,Default,Default,Default,Default,Default,Default,Default,Default,Default,Default,Default,Default,Default,Default,Default,Throughput,16,Default,50,Small,SQLite,8,"534,021.85 μs","10,590.573 μs","19,891.665 μs","531,167.30 μs",0.0000,0.0000,0.0000,0.0000,0.0000,1281.55 KB
'Sequential Write Operations',Job-CKOZGI,False,Default,Default,Default,Default,Default,Default,11111111,Empty,RyuJit,Default,X64,8c5e7fda-e8bf-4a96-9a85-a6e23a8c635c,.NET 9.0,False,True,False,True,Default,Default,False,False,False,Default,Default,Default,Default,Default,Default,Default,Default,5,Default,1,Default,Default,Default,Default,Default,Throughput,16,3,50,Medium,InMemory,8,27.77 μs,1.262 μs,0.328 μs,27.69 μs,1.3733,0.0000,0.0000,0.0000,0.0000,8.59 KB
'Sequential Read Operations',Job-CKOZGI,False,Default,Default,Default,Default,Default,Default,11111111,Empty,RyuJit,Default,X64,8c5e7fda-e8bf-4a96-9a85-a6e23a8c635c,.NET 9.0,False,True,False,True,Default,Default,False,False,False,Default,Default,Default,Default,Default,Default,Default,Default,5,Default,1,Default,Default,Default,Default,Default,Throughput,16,3,50,Medium,InMemory,8,30.87 μs,0.857 μs,0.223 μs,30.94 μs,1.9531,0.0000,0.0000,0.0000,0.0000,12.11 KB
"'Mixed Operations (70% Read, 20% Write, 10% Delete)'",Job-CKOZGI,False,Default,Default,Default,Default,Default,Default,11111111,Empty,RyuJit,Default,X64,8c5e7fda-e8bf-4a96-9a85-a6e23a8c635c,.NET 9.0,False,True,False,True,Default,Default,False,False,False,Default,Default,Default,Default,Default,Default,Default,Default,5,Default,1,Default,Default,Default,Default,Default,Throughput,16,3,50,Medium,InMemory,8,16.96 μs,1.192 μs,0.310 μs,16.96 μs,1.5259,0.0000,0.0000,0.0000,0.0000,9.44 KB
'Batch Operations',Job-CKOZGI,False,Default,Default,Default,Default,Default,Default,11111111,Empty,RyuJit,Default,X64,8c5e7fda-e8bf-4a96-9a85-a6e23a8c635c,.NET 9.0,False,True,False,True,Default,Default,False,False,False,Default,Default,Default,Default,Default,Default,Default,Default,5,Default,1,Default,Default,Default,Default,Default,Throughput,16,3,50,Medium,InMemory,8,29.14 μs,2.306 μs,0.599 μs,28.84 μs,1.5869,0.0000,0.0000,0.0000,0.0000,9.75 KB
'GetAll Operation',Job-CKOZGI,False,Default,Default,Default,Default,Default,Default,11111111,Empty,RyuJit,Default,X64,8c5e7fda-e8bf-4a96-9a85-a6e23a8c635c,.NET 9.0,False,True,False,True,Default,Default,False,False,False,Default,Default,Default,Default,Default,Default,Default,Default,5,Default,1,Default,Default,Default,Default,Default,Throughput,16,3,50,Medium,InMemory,8,30.14 μs,1.317 μs,0.204 μs,30.13 μs,1.5869,0.0000,0.0000,0.0000,0.0000,9.76 KB
'Sequential Write Operations',Job-MTDSPA,False,Default,Default,Default,Default,Default,Default,11111111,Empty,RyuJit,Default,X64,8c5e7fda-e8bf-4a96-9a85-a6e23a8c635c,.NET 9.0,False,True,False,True,Default,Default,False,False,False,Default,Default,Default,Default,Default,Default,Default,Default,Default,Default,Default,Default,Default,Default,Default,Default,Throughput,16,Default,50,Medium,InMemory,8,27.29 μs,0.144 μs,0.127 μs,27.29 μs,1.3733,0.0000,0.0000,0.0000,0.0000,8.59 KB
'Sequential Read Operations',Job-MTDSPA,False,Default,Default,Default,Default,Default,Default,11111111,Empty,RyuJit,Default,X64,8c5e7fda-e8bf-4a96-9a85-a6e23a8c635c,.NET 9.0,False,True,False,True,Default,Default,False,False,False,Default,Default,Default,Default,Default,Default,Default,Default,Default,Default,Default,Default,Default,Default,Default,Default,Throughput,16,Default,50,Medium,InMemory,8,31.15 μs,0.520 μs,0.619 μs,30.91 μs,1.9531,0.0000,0.0000,0.0000,0.0000,12.11 KB
"'Mixed Operations (70% Read, 20% Write, 10% Delete)'",Job-MTDSPA,False,Default,Default,Default,Default,Default,Default,11111111,Empty,RyuJit,Default,X64,8c5e7fda-e8bf-4a96-9a85-a6e23a8c635c,.NET 9.0,False,True,False,True,Default,Default,False,False,False,Default,Default,Default,Default,Default,Default,Default,Default,Default,Default,Default,Default,Default,Default,Default,Default,Throughput,16,Default,50,Medium,InMemory,8,16.55 μs,0.083 μs,0.078 μs,16.55 μs,1.5259,0.0000,0.0000,0.0000,0.0000,9.44 KB
'Batch Operations',Job-MTDSPA,False,Default,Default,Default,Default,Default,Default,11111111,Empty,RyuJit,Default,X64,8c5e7fda-e8bf-4a96-9a85-a6e23a8c635c,.NET 9.0,False,True,False,True,Default,Default,False,False,False,Default,Default,Default,Default,Default,Default,Default,Default,Default,Default,Default,Default,Default,Default,Default,Default,Throughput,16,Default,50,Medium,InMemory,8,28.22 μs,0.208 μs,0.194 μs,28.20 μs,1.5869,0.0000,0.0000,0.0000,0.0000,9.75 KB
'GetAll Operation',Job-MTDSPA,False,Default,Default,Default,Default,Default,Default,11111111,Empty,RyuJit,Default,X64,8c5e7fda-e8bf-4a96-9a85-a6e23a8c635c,.NET 9.0,False,True,False,True,Default,Default,False,False,False,Default,Default,Default,Default,Default,Default,Default,Default,Default,Default,Default,Default,Default,Default,Default,Default,Throughput,16,Default,50,Medium,InMemory,8,29.67 μs,0.215 μs,0.201 μs,29.66 μs,1.5869,0.0000,0.0000,0.0000,0.0000,9.76 KB
'Sequential Write Operations',Job-CKOZGI,False,Default,Default,Default,Default,Default,Default,11111111,Empty,RyuJit,Default,X64,8c5e7fda-e8bf-4a96-9a85-a6e23a8c635c,.NET 9.0,False,True,False,True,Default,Default,False,False,False,Default,Default,Default,Default,Default,Default,Default,Default,5,Default,1,Default,Default,Default,Default,Default,Throughput,16,3,50,Medium,FileSystem,8,"65,201.03 μs","6,747.494 μs","1,044.182 μs","65,505.07 μs",1444.4444,100.0000,0.0000,1333.3333,1333.3333,25457.96 KB
'Sequential Read Operations',Job-CKOZGI,False,Default,Default,Default,Default,Default,Default,11111111,Empty,RyuJit,Default,X64,8c5e7fda-e8bf-4a96-9a85-a6e23a8c635c,.NET 9.0,False,True,False,True,Default,Default,False,False,False,Default,Default,Default,Default,Default,Default,Default,Default,5,Default,1,Default,Default,Default,Default,Default,Throughput,16,3,50,Medium,FileSystem,8,"110,116.74 μs","34,401.490 μs","8,933.958 μs","104,802.18 μs",6500.0000,200.0000,0.0000,5500.0000,5500.0000,75646.37 KB
"'Mixed Operations (70% Read, 20% Write, 10% Delete)'",Job-CKOZGI,False,Default,Default,Default,Default,Default,Default,11111111,Empty,RyuJit,Default,X64,8c5e7fda-e8bf-4a96-9a85-a6e23a8c635c,.NET 9.0,False,True,False,True,Default,Default,False,False,False,Default,Default,Default,Default,Default,Default,Default,Default,5,Default,1,Default,Default,Default,Default,Default,Throughput,16,3,50,Medium,FileSystem,8,"78,029.52 μs","6,402.399 μs",990.778 μs,"78,115.21 μs",5400.0000,148.0000,0.0000,4600.0000,4600.0000,55488.93 KB
'Batch Operations',Job-CKOZGI,False,Default,Default,Default,Default,Default,Default,11111111,Empty,RyuJit,Default,X64,8c5e7fda-e8bf-4a96-9a85-a6e23a8c635c,.NET 9.0,False,True,False,True,Default,Default,False,False,False,Default,Default,Default,Default,Default,Default,Default,Default,5,Default,1,Default,Default,Default,Default,Default,Throughput,16,3,50,Medium,FileSystem,8,"40,748.09 μs","10,608.178 μs","1,641.627 μs","40,962.78 μs",1666.6667,99.7500,0.0000,1500.0000,1500.0000,25464.86 KB
'GetAll Operation',Job-CKOZGI,False,Default,Default,Default,Default,Default,Default,11111111,Empty,RyuJit,Default,X64,8c5e7fda-e8bf-4a96-9a85-a6e23a8c635c,.NET 9.0,False,True,False,True,Default,Default,False,False,False,Default,Default,Default,Default,Default,Default,Default,Default,5,Default,1,Default,Default,Default,Default,Default,Throughput,16,3,50,Medium,FileSystem,8,"104,997.32 μs","13,503.719 μs","2,089.715 μs","105,212.07 μs",4250.0000,200.0000,0.0000,3250.0000,3000.0000,75679.7 KB
'Sequential Write Operations',Job-MTDSPA,False,Default,Default,Default,Default,Default,Default,11111111,Empty,RyuJit,Default,X64,8c5e7fda-e8bf-4a96-9a85-a6e23a8c635c,.NET 9.0,False,True,False,True,Default,Default,False,False,False,Default,Default,Default,Default,Default,Default,Default,Default,Default,Default,Default,Default,Default,Default,Default,Default,Throughput,16,Default,50,Medium,FileSystem,8,"102,693.97 μs","3,378.416 μs","9,584.006 μs","105,338.42 μs",1500.0000,100.0000,0.0000,1333.3333,1333.3333,25457.96 KB
'Sequential Read Operations',Job-MTDSPA,False,Default,Default,Default,Default,Default,Default,11111111,Empty,RyuJit,Default,X64,8c5e7fda-e8bf-4a96-9a85-a6e23a8c635c,.NET 9.0,False,True,False,True,Default,Default,False,False,False,Default,Default,Default,Default,Default,Default,Default,Default,Default,Default,Default,Default,Default,Default,Default,Default,Throughput,16,Default,50,Medium,FileSystem,8,"133,358.46 μs","5,343.439 μs","15,502.286 μs","136,001.06 μs",7000.0000,200.0000,0.0000,5800.0000,5800.0000,75650.71 KB
"'Mixed Operations (70% Read, 20% Write, 10% Delete)'",Job-MTDSPA,False,Default,Default,Default,Default,Default,Default,11111111,Empty,RyuJit,Default,X64,8c5e7fda-e8bf-4a96-9a85-a6e23a8c635c,.NET 9.0,False,True,False,True,Default,Default,False,False,False,Default,Default,Default,Default,Default,Default,Default,Default,Default,Default,Default,Default,Default,Default,Default,Default,Throughput,16,Default,50,Medium,FileSystem,8,"101,655.49 μs","1,975.372 μs","2,895.475 μs","101,499.52 μs",5200.0000,148.0000,0.0000,4400.0000,4400.0000,55487.11 KB
'Batch Operations',Job-MTDSPA,False,Default,Default,Default,Default,Default,Default,11111111,Empty,RyuJit,Default,X64,8c5e7fda-e8bf-4a96-9a85-a6e23a8c635c,.NET 9.0,False,True,False,True,Default,Default,False,False,False,Default,Default,Default,Default,Default,Default,Default,Default,Default,Default,Default,Default,Default,Default,Default,Default,Throughput,16,Default,50,Medium,FileSystem,8,"44,261.73 μs","1,065.118 μs","3,038.842 μs","44,080.15 μs",1333.3333,99.8333,0.0000,1166.6667,1166.6667,25469.09 KB
'GetAll Operation',Job-MTDSPA,False,Default,Default,Default,Default,Default,Default,11111111,Empty,RyuJit,Default,X64,8c5e7fda-e8bf-4a96-9a85-a6e23a8c635c,.NET 9.0,False,True,False,True,Default,Default,False,False,False,Default,Default,Default,Default,Default,Default,Default,Default,Default,Default,Default,Default,Default,Default,Default,Default,Throughput,16,Default,50,Medium,FileSystem,8,"110,568.38 μs","4,747.300 μs","13,772.778 μs","112,659.35 μs",5000.0000,199.6667,0.0000,4000.0000,3833.3333,75693.75 KB
'Sequential Write Operations',Job-CKOZGI,False,Default,Default,Default,Default,Default,Default,11111111,Empty,RyuJit,Default,X64,8c5e7fda-e8bf-4a96-9a85-a6e23a8c635c,.NET 9.0,False,True,False,True,Default,Default,False,False,False,Default,Default,Default,Default,Default,Default,Default,Default,5,Default,1,Default,Default,Default,Default,Default,Throughput,16,3,50,Medium,SqlServer,8,NA,NA,NA,NA,NA,NA,NA,NA,NA,NA
'Sequential Read Operations',Job-CKOZGI,False,Default,Default,Default,Default,Default,Default,11111111,Empty,RyuJit,Default,X64,8c5e7fda-e8bf-4a96-9a85-a6e23a8c635c,.NET 9.0,False,True,False,True,Default,Default,False,False,False,Default,Default,Default,Default,Default,Default,Default,Default,5,Default,1,Default,Default,Default,Default,Default,Throughput,16,3,50,Medium,SqlServer,8,NA,NA,NA,NA,NA,NA,NA,NA,NA,NA
"'Mixed Operations (70% Read, 20% Write, 10% Delete)'",Job-CKOZGI,False,Default,Default,Default,Default,Default,Default,11111111,Empty,RyuJit,Default,X64,8c5e7fda-e8bf-4a96-9a85-a6e23a8c635c,.NET 9.0,False,True,False,True,Default,Default,False,False,False,Default,Default,Default,Default,Default,Default,Default,Default,5,Default,1,Default,Default,Default,Default,Default,Throughput,16,3,50,Medium,SqlServer,8,NA,NA,NA,NA,NA,NA,NA,NA,NA,NA
'Batch Operations',Job-CKOZGI,False,Default,Default,Default,Default,Default,Default,11111111,Empty,RyuJit,Default,X64,8c5e7fda-e8bf-4a96-9a85-a6e23a8c635c,.NET 9.0,False,True,False,True,Default,Default,False,False,False,Default,Default,Default,Default,Default,Default,Default,Default,5,Default,1,Default,Default,Default,Default,Default,Throughput,16,3,50,Medium,SqlServer,8,NA,NA,NA,NA,NA,NA,NA,NA,NA,NA
'GetAll Operation',Job-CKOZGI,False,Default,Default,Default,Default,Default,Default,11111111,Empty,RyuJit,Default,X64,8c5e7fda-e8bf-4a96-9a85-a6e23a8c635c,.NET 9.0,False,True,False,True,Default,Default,False,False,False,Default,Default,Default,Default,Default,Default,Default,Default,5,Default,1,Default,Default,Default,Default,Default,Throughput,16,3,50,Medium,SqlServer,8,NA,NA,NA,NA,NA,NA,NA,NA,NA,NA
'Sequential Write Operations',Job-MTDSPA,False,Default,Default,Default,Default,Default,Default,11111111,Empty,RyuJit,Default,X64,8c5e7fda-e8bf-4a96-9a85-a6e23a8c635c,.NET 9.0,False,True,False,True,Default,Default,False,False,False,Default,Default,Default,Default,Default,Default,Default,Default,Default,Default,Default,Default,Default,Default,Default,Default,Throughput,16,Default,50,Medium,SqlServer,8,NA,NA,NA,NA,NA,NA,NA,NA,NA,NA
'Sequential Read Operations',Job-MTDSPA,False,Default,Default,Default,Default,Default,Default,11111111,Empty,RyuJit,Default,X64,8c5e7fda-e8bf-4a96-9a85-a6e23a8c635c,.NET 9.0,False,True,False,True,Default,Default,False,False,False,Default,Default,Default,Default,Default,Default,Default,Default,Default,Default,Default,Default,Default,Default,Default,Default,Throughput,16,Default,50,Medium,SqlServer,8,NA,NA,NA,NA,NA,NA,NA,NA,NA,NA
"'Mixed Operations (70% Read, 20% Write, 10% Delete)'",Job-MTDSPA,False,Default,Default,Default,Default,Default,Default,11111111,Empty,RyuJit,Default,X64,8c5e7fda-e8bf-4a96-9a85-a6e23a8c635c,.NET 9.0,False,True,False,True,Default,Default,False,False,False,Default,Default,Default,Default,Default,Default,Default,Default,Default,Default,Default,Default,Default,Default,Default,Default,Throughput,16,Default,50,Medium,SqlServer,8,NA,NA,NA,NA,NA,NA,NA,NA,NA,NA
'Batch Operations',Job-MTDSPA,False,Default,Default,Default,Default,Default,Default,11111111,Empty,RyuJit,Default,X64,8c5e7fda-e8bf-4a96-9a85-a6e23a8c635c,.NET 9.0,False,True,False,True,Default,Default,False,False,False,Default,Default,Default,Default,Default,Default,Default,Default,Default,Default,Default,Default,Default,Default,Default,Default,Throughput,16,Default,50,Medium,SqlServer,8,NA,NA,NA,NA,NA,NA,NA,NA,NA,NA
'GetAll Operation',Job-MTDSPA,False,Default,Default,Default,Default,Default,Default,11111111,Empty,RyuJit,Default,X64,8c5e7fda-e8bf-4a96-9a85-a6e23a8c635c,.NET 9.0,False,True,False,True,Default,Default,False,False,False,Default,Default,Default,Default,Default,Default,Default,Default,Default,Default,Default,Default,Default,Default,Default,Default,Throughput,16,Default,50,Medium,SqlServer,8,NA,NA,NA,NA,NA,NA,NA,NA,NA,NA
'Sequential Write Operations',Job-CKOZGI,False,Default,Default,Default,Default,Default,Default,11111111,Empty,RyuJit,Default,X64,8c5e7fda-e8bf-4a96-9a85-a6e23a8c635c,.NET 9.0,False,True,False,True,Default,Default,False,False,False,Default,Default,Default,Default,Default,Default,Default,Default,5,Default,1,Default,Default,Default,Default,Default,Throughput,16,3,50,Medium,SQLite,8,"295,811.08 μs","36,665.408 μs","5,674.013 μs","297,204.25 μs",0.0000,0.0000,0.0000,0.0000,0.0000,25495.25 KB
'Sequential Read Operations',Job-CKOZGI,False,Default,Default,Default,Default,Default,Default,11111111,Empty,RyuJit,Default,X64,8c5e7fda-e8bf-4a96-9a85-a6e23a8c635c,.NET 9.0,False,True,False,True,Default,Default,False,False,False,Default,Default,Default,Default,Default,Default,Default,Default,5,Default,1,Default,Default,Default,Default,Default,Throughput,16,3,50,Medium,SQLite,8,"318,339.35 μs","162,139.940 μs","25,091.335 μs","316,299.03 μs",4000.0000,0.0000,0.0000,3000.0000,3000.0000,70786.05 KB
"'Mixed Operations (70% Read, 20% Write, 10% Delete)'",Job-CKOZGI,False,Default,Default,Default,Default,Default,Default,11111111,Empty,RyuJit,Default,X64,8c5e7fda-e8bf-4a96-9a85-a6e23a8c635c,.NET 9.0,False,True,False,True,Default,Default,False,False,False,Default,Default,Default,Default,Default,Default,Default,Default,5,Default,1,Default,Default,Default,Default,Default,Throughput,16,3,50,Medium,SQLite,8,"253,929.08 μs","88,215.485 μs","13,651.444 μs","250,609.20 μs",4000.0000,0.0000,0.0000,3333.3333,3333.3333,51993.13 KB
'Batch Operations',Job-CKOZGI,False,Default,Default,Default,Default,Default,Default,11111111,Empty,RyuJit,Default,X64,8c5e7fda-e8bf-4a96-9a85-a6e23a8c635c,.NET 9.0,False,True,False,True,Default,Default,False,False,False,Default,Default,Default,Default,Default,Default,Default,Default,5,Default,1,Default,Default,Default,Default,Default,Throughput,16,3,50,Medium,SQLite,8,"269,766.59 μs","37,779.630 μs","5,846.440 μs","268,081.95 μs",1000.0000,0.0000,0.0000,1000.0000,1000.0000,25498.91 KB
'GetAll Operation',Job-CKOZGI,False,Default,Default,Default,Default,Default,Default,11111111,Empty,RyuJit,Default,X64,8c5e7fda-e8bf-4a96-9a85-a6e23a8c635c,.NET 9.0,False,True,False,True,Default,Default,False,False,False,Default,Default,Default,Default,Default,Default,Default,Default,5,Default,1,Default,Default,Default,Default,Default,Throughput,16,3,50,Medium,SQLite,8,"294,635.17 μs","96,508.556 μs","14,934.806 μs","295,990.03 μs",3000.0000,0.0000,0.0000,2000.0000,2000.0000,70675.28 KB
'Sequential Write Operations',Job-MTDSPA,False,Default,Default,Default,Default,Default,Default,11111111,Empty,RyuJit,Default,X64,8c5e7fda-e8bf-4a96-9a85-a6e23a8c635c,.NET 9.0,False,True,False,True,Default,Default,False,False,False,Default,Default,Default,Default,Default,Default,Default,Default,Default,Default,Default,Default,Default,Default,Default,Default,Throughput,16,Default,50,Medium,SQLite,8,"391,934.52 μs","53,682.456 μs","158,283.946 μs","288,810.72 μs",1000.0000,0.0000,0.0000,1000.0000,1000.0000,25497.9 KB
'Sequential Read Operations',Job-MTDSPA,False,Default,Default,Default,Default,Default,Default,11111111,Empty,RyuJit,Default,X64,8c5e7fda-e8bf-4a96-9a85-a6e23a8c635c,.NET 9.0,False,True,False,True,Default,Default,False,False,False,Default,Default,Default,Default,Default,Default,Default,Default,Default,Default,Default,Default,Default,Default,Default,Default,Throughput,16,Default,50,Medium,SQLite,8,"599,057.92 μs","14,986.422 μs","41,276.962 μs","591,272.85 μs",4000.0000,0.0000,0.0000,3000.0000,3000.0000,70780.93 KB
"'Mixed Operations (70% Read, 20% Write, 10% Delete)'",Job-MTDSPA,False,Default,Default,Default,Default,Default,Default,11111111,Empty,RyuJit,Default,X64,8c5e7fda-e8bf-4a96-9a85-a6e23a8c635c,.NET 9.0,False,True,False,True,Default,Default,False,False,False,Default,Default,Default,Default,Default,Default,Default,Default,Default,Default,Default,Default,Default,Default,Default,Default,Throughput,16,Default,50,Medium,SQLite,8,"465,288.07 μs","12,067.852 μs","32,626.143 μs","456,696.80 μs",2000.0000,0.0000,0.0000,2000.0000,2000.0000,51981.88 KB
'Batch Operations',Job-MTDSPA,False,Default,Default,Default,Default,Default,Default,11111111,Empty,RyuJit,Default,X64,8c5e7fda-e8bf-4a96-9a85-a6e23a8c635c,.NET 9.0,False,True,False,True,Default,Default,False,False,False,Default,Default,Default,Default,Default,Default,Default,Default,Default,Default,Default,Default,Default,Default,Default,Default,Throughput,16,Default,50,Medium,SQLite,8,"563,032.68 μs","11,239.511 μs","26,271.998 μs","562,125.60 μs",0.0000,0.0000,0.0000,0.0000,0.0000,25496.41 KB
'GetAll Operation',Job-MTDSPA,False,Default,Default,Default,Default,Default,Default,11111111,Empty,RyuJit,Default,X64,8c5e7fda-e8bf-4a96-9a85-a6e23a8c635c,.NET 9.0,False,True,False,True,Default,Default,False,False,False,Default,Default,Default,Default,Default,Default,Default,Default,Default,Default,Default,Default,Default,Default,Default,Default,Throughput,16,Default,50,Medium,SQLite,8,"578,158.83 μs","10,493.492 μs","24,110.544 μs","579,921.70 μs",3000.0000,0.0000,0.0000,2000.0000,2000.0000,70675.96 KB
'Sequential Write Operations',Job-CKOZGI,False,Default,Default,Default,Default,Default,Default,11111111,Empty,RyuJit,Default,X64,8c5e7fda-e8bf-4a96-9a85-a6e23a8c635c,.NET 9.0,False,True,False,True,Default,Default,False,False,False,Default,Default,Default,Default,Default,Default,Default,Default,5,Default,1,Default,Default,Default,Default,Default,Throughput,16,3,50,Large,InMemory,8,27.49 μs,0.828 μs,0.215 μs,27.47 μs,1.3733,0.0000,0.0000,0.0000,0.0000,8.59 KB
'Sequential Read Operations',Job-CKOZGI,False,Default,Default,Default,Default,Default,Default,11111111,Empty,RyuJit,Default,X64,8c5e7fda-e8bf-4a96-9a85-a6e23a8c635c,.NET 9.0,False,True,False,True,Default,Default,False,False,False,Default,Default,Default,Default,Default,Default,Default,Default,5,Default,1,Default,Default,Default,Default,Default,Throughput,16,3,50,Large,InMemory,8,31.06 μs,0.849 μs,0.220 μs,31.18 μs,1.9531,0.0000,0.0000,0.0000,0.0000,12.11 KB
"'Mixed Operations (70% Read, 20% Write, 10% Delete)'",Job-CKOZGI,False,Default,Default,Default,Default,Default,Default,11111111,Empty,RyuJit,Default,X64,8c5e7fda-e8bf-4a96-9a85-a6e23a8c635c,.NET 9.0,False,True,False,True,Default,Default,False,False,False,Default,Default,Default,Default,Default,Default,Default,Default,5,Default,1,Default,Default,Default,Default,Default,Throughput,16,3,50,Large,InMemory,8,16.41 μs,0.430 μs,0.112 μs,16.43 μs,1.5259,0.0000,0.0000,0.0000,0.0000,9.44 KB
'Batch Operations',Job-CKOZGI,False,Default,Default,Default,Default,Default,Default,11111111,Empty,RyuJit,Default,X64,8c5e7fda-e8bf-4a96-9a85-a6e23a8c635c,.NET 9.0,False,True,False,True,Default,Default,False,False,False,Default,Default,Default,Default,Default,Default,Default,Default,5,Default,1,Default,Default,Default,Default,Default,Throughput,16,3,50,Large,InMemory,8,29.17 μs,0.706 μs,0.109 μs,29.16 μs,1.5869,0.0000,0.0000,0.0000,0.0000,9.75 KB
'GetAll Operation',Job-CKOZGI,False,Default,Default,Default,Default,Default,Default,11111111,Empty,RyuJit,Default,X64,8c5e7fda-e8bf-4a96-9a85-a6e23a8c635c,.NET 9.0,False,True,False,True,Default,Default,False,False,False,Default,Default,Default,Default,Default,Default,Default,Default,5,Default,1,Default,Default,Default,Default,Default,Throughput,16,3,50,Large,InMemory,8,30.92 μs,2.316 μs,0.602 μs,30.91 μs,1.5869,0.0000,0.0000,0.0000,0.0000,9.76 KB
'Sequential Write Operations',Job-MTDSPA,False,Default,Default,Default,Default,Default,Default,11111111,Empty,RyuJit,Default,X64,8c5e7fda-e8bf-4a96-9a85-a6e23a8c635c,.NET 9.0,False,True,False,True,Default,Default,False,False,False,Default,Default,Default,Default,Default,Default,Default,Default,Default,Default,Default,Default,Default,Default,Default,Default,Throughput,16,Default,50,Large,InMemory,8,27.37 μs,0.176 μs,0.165 μs,27.35 μs,1.3733,0.0000,0.0000,0.0000,0.0000,8.59 KB
'Sequential Read Operations',Job-MTDSPA,False,Default,Default,Default,Default,Default,Default,11111111,Empty,RyuJit,Default,X64,8c5e7fda-e8bf-4a96-9a85-a6e23a8c635c,.NET 9.0,False,True,False,True,Default,Default,False,False,False,Default,Default,Default,Default,Default,Default,Default,Default,Default,Default,Default,Default,Default,Default,Default,Default,Throughput,16,Default,50,Large,InMemory,8,31.17 μs,0.348 μs,0.326 μs,31.11 μs,1.9531,0.0000,0.0000,0.0000,0.0000,12.11 KB
"'Mixed Operations (70% Read, 20% Write, 10% Delete)'",Job-MTDSPA,False,Default,Default,Default,Default,Default,Default,11111111,Empty,RyuJit,Default,X64,8c5e7fda-e8bf-4a96-9a85-a6e23a8c635c,.NET 9.0,False,True,False,True,Default,Default,False,False,False,Default,Default,Default,Default,Default,Default,Default,Default,Default,Default,Default,Default,Default,Default,Default,Default,Throughput,16,Default,50,Large,InMemory,8,16.36 μs,0.119 μs,0.111 μs,16.34 μs,1.5259,0.0000,0.0000,0.0000,0.0000,9.44 KB
'Batch Operations',Job-MTDSPA,False,Default,Default,Default,Default,Default,Default,11111111,Empty,RyuJit,Default,X64,8c5e7fda-e8bf-4a96-9a85-a6e23a8c635c,.NET 9.0,False,True,False,True,Default,Default,False,False,False,Default,Default,Default,Default,Default,Default,Default,Default,Default,Default,Default,Default,Default,Default,Default,Default,Throughput,16,Default,50,Large,InMemory,8,28.33 μs,0.299 μs,0.280 μs,28.21 μs,1.5869,0.0000,0.0000,0.0000,0.0000,9.75 KB
'GetAll Operation',Job-MTDSPA,False,Default,Default,Default,Default,Default,Default,11111111,Empty,RyuJit,Default,X64,8c5e7fda-e8bf-4a96-9a85-a6e23a8c635c,.NET 9.0,False,True,False,True,Default,Default,False,False,False,Default,Default,Default,Default,Default,Default,Default,Default,Default,Default,Default,Default,Default,Default,Default,Default,Throughput,16,Default,50,Large,InMemory,8,30.21 μs,0.492 μs,0.483 μs,30.09 μs,1.5869,0.0000,0.0000,0.0000,0.0000,9.76 KB
'Sequential Write Operations',Job-CKOZGI,False,Default,Default,Default,Default,Default,Default,11111111,Empty,RyuJit,Default,X64,8c5e7fda-e8bf-4a96-9a85-a6e23a8c635c,.NET 9.0,False,True,False,True,Default,Default,False,False,False,Default,Default,Default,Default,Default,Default,Default,Default,5,Default,1,Default,Default,Default,Default,Default,Throughput,16,3,50,Large,FileSystem,8,"577,381.62 μs","67,718.973 μs","17,586.402 μs","568,587.60 μs",0.0000,100.0000,0.0000,0.0000,0.0000,1221741.98 KB
'Sequential Read Operations',Job-CKOZGI,False,Default,Default,Default,Default,Default,Default,11111111,Empty,RyuJit,Default,X64,8c5e7fda-e8bf-4a96-9a85-a6e23a8c635c,.NET 9.0,False,True,False,True,Default,Default,False,False,False,Default,Default,Default,Default,Default,Default,Default,Default,5,Default,1,Default,Default,Default,Default,Default,Throughput,16,3,50,Large,FileSystem,8,"1,391,388.78 μs","92,439.350 μs","24,006.206 μs","1,385,065.50 μs",5000.0000,200.0000,0.0000,4000.0000,4000.0000,4081004.3 KB
"'Mixed Operations (70% Read, 20% Write, 10% Delete)'",Job-CKOZGI,False,Default,Default,Default,Default,Default,Default,11111111,Empty,RyuJit,Default,X64,8c5e7fda-e8bf-4a96-9a85-a6e23a8c635c,.NET 9.0,False,True,False,True,Default,Default,False,False,False,Default,Default,Default,Default,Default,Default,Default,Default,5,Default,1,Default,Default,Default,Default,Default,Throughput,16,3,50,Large,FileSystem,8,"994,389.32 μs","101,342.143 μs","26,318.233 μs","994,077.70 μs",2000.0000,148.0000,0.0000,2000.0000,2000.0000,2987191.65 KB
'Batch Operations',Job-CKOZGI,False,Default,Default,Default,Default,Default,Default,11111111,Empty,RyuJit,Default,X64,8c5e7fda-e8bf-4a96-9a85-a6e23a8c635c,.NET 9.0,False,True,False,True,Default,Default,False,False,False,Default,Default,Default,Default,Default,Default,Default,Default,5,Default,1,Default,Default,Default,Default,Default,Throughput,16,3,50,Large,FileSystem,8,"520,941.62 μs","13,828.660 μs","2,140.000 μs","520,744.35 μs",0.0000,100.0000,0.0000,0.0000,0.0000,1221743.09 KB
'GetAll Operation',Job-CKOZGI,False,Default,Default,Default,Default,Default,Default,11111111,Empty,RyuJit,Default,X64,8c5e7fda-e8bf-4a96-9a85-a6e23a8c635c,.NET 9.0,False,True,False,True,Default,Default,False,False,False,Default,Default,Default,Default,Default,Default,Default,Default,5,Default,1,Default,Default,Default,Default,Default,Throughput,16,3,50,Large,FileSystem,8,"1,094,277.68 μs","193,764.398 μs","29,985.255 μs","1,100,955.30 μs",3000.0000,198.0000,0.0000,2000.0000,2000.0000,4081064.57 KB
'Sequential Write Operations',Job-MTDSPA,False,Default,Default,Default,Default,Default,Default,11111111,Empty,RyuJit,Default,X64,8c5e7fda-e8bf-4a96-9a85-a6e23a8c635c,.NET 9.0,False,True,False,True,Default,Default,False,False,False,Default,Default,Default,Default,Default,Default,Default,Default,Default,Default,Default,Default,Default,Default,Default,Default,Throughput,16,Default,50,Large,FileSystem,8,"594,785.30 μs","11,825.851 μs","27,874.924 μs","587,999.00 μs",0.0000,100.0000,0.0000,0.0000,0.0000,1221741.96 KB
'Sequential Read Operations',Job-MTDSPA,False,Default,Default,Default,Default,Default,Default,11111111,Empty,RyuJit,Default,X64,8c5e7fda-e8bf-4a96-9a85-a6e23a8c635c,.NET 9.0,False,True,False,True,Default,Default,False,False,False,Default,Default,Default,Default,Default,Default,Default,Default,Default,Default,Default,Default,Default,Default,Default,Default,Throughput,16,Default,50,Large,FileSystem,8,"1,397,775.57 μs","27,670.320 μs","32,939.551 μs","1,396,799.00 μs",5000.0000,200.0000,0.0000,4000.0000,4000.0000,4081004.3 KB
"'Mixed Operations (70% Read, 20% Write, 10% Delete)'",Job-MTDSPA,False,Default,Default,Default,Default,Default,Default,11111111,Empty,RyuJit,Default,X64,8c5e7fda-e8bf-4a96-9a85-a6e23a8c635c,.NET 9.0,False,True,False,True,Default,Default,False,False,False,Default,Default,Default,Default,Default,Default,Default,Default,Default,Default,Default,Default,Default,Default,Default,Default,Throughput,16,Default,50,Large,FileSystem,8,"1,039,349.19 μs","19,824.682 μs","37,235.562 μs","1,041,341.90 μs",2000.0000,148.0000,0.0000,2000.0000,2000.0000,2987191.65 KB
'Batch Operations',Job-MTDSPA,False,Default,Default,Default,Default,Default,Default,11111111,Empty,RyuJit,Default,X64,8c5e7fda-e8bf-4a96-9a85-a6e23a8c635c,.NET 9.0,False,True,False,True,Default,Default,False,False,False,Default,Default,Default,Default,Default,Default,Default,Default,Default,Default,Default,Default,Default,Default,Default,Default,Throughput,16,Default,50,Large,FileSystem,8,"517,096.82 μs","9,759.361 μs","20,371.422 μs","514,011.60 μs",0.0000,100.0000,0.0000,0.0000,0.0000,1221743.09 KB
'GetAll Operation',Job-MTDSPA,False,Default,Default,Default,Default,Default,Default,11111111,Empty,RyuJit,Default,X64,8c5e7fda-e8bf-4a96-9a85-a6e23a8c635c,.NET 9.0,False,True,False,True,Default,Default,False,False,False,Default,Default,Default,Default,Default,Default,Default,Default,Default,Default,Default,Default,Default,Default,Default,Default,Throughput,16,Default,50,Large,FileSystem,8,"948,528.36 μs","18,752.980 μs","35,679.496 μs","938,980.00 μs",3000.0000,200.0000,0.0000,2000.0000,2000.0000,4081050.92 KB
'Sequential Write Operations',Job-CKOZGI,False,Default,Default,Default,Default,Default,Default,11111111,Empty,RyuJit,Default,X64,8c5e7fda-e8bf-4a96-9a85-a6e23a8c635c,.NET 9.0,False,True,False,True,Default,Default,False,False,False,Default,Default,Default,Default,Default,Default,Default,Default,5,Default,1,Default,Default,Default,Default,Default,Throughput,16,3,50,Large,SqlServer,8,NA,NA,NA,NA,NA,NA,NA,NA,NA,NA
'Sequential Read Operations',Job-CKOZGI,False,Default,Default,Default,Default,Default,Default,11111111,Empty,RyuJit,Default,X64,8c5e7fda-e8bf-4a96-9a85-a6e23a8c635c,.NET 9.0,False,True,False,True,Default,Default,False,False,False,Default,Default,Default,Default,Default,Default,Default,Default,5,Default,1,Default,Default,Default,Default,Default,Throughput,16,3,50,Large,SqlServer,8,NA,NA,NA,NA,NA,NA,NA,NA,NA,NA
"'Mixed Operations (70% Read, 20% Write, 10% Delete)'",Job-CKOZGI,False,Default,Default,Default,Default,Default,Default,11111111,Empty,RyuJit,Default,X64,8c5e7fda-e8bf-4a96-9a85-a6e23a8c635c,.NET 9.0,False,True,False,True,Default,Default,False,False,False,Default,Default,Default,Default,Default,Default,Default,Default,5,Default,1,Default,Default,Default,Default,Default,Throughput,16,3,50,Large,SqlServer,8,NA,NA,NA,NA,NA,NA,NA,NA,NA,NA
'Batch Operations',Job-CKOZGI,False,Default,Default,Default,Default,Default,Default,11111111,Empty,RyuJit,Default,X64,8c5e7fda-e8bf-4a96-9a85-a6e23a8c635c,.NET 9.0,False,True,False,True,Default,Default,False,False,False,Default,Default,Default,Default,Default,Default,Default,Default,5,Default,1,Default,Default,Default,Default,Default,Throughput,16,3,50,Large,SqlServer,8,NA,NA,NA,NA,NA,NA,NA,NA,NA,NA
'GetAll Operation',Job-CKOZGI,False,Default,Default,Default,Default,Default,Default,11111111,Empty,RyuJit,Default,X64,8c5e7fda-e8bf-4a96-9a85-a6e23a8c635c,.NET 9.0,False,True,False,True,Default,Default,False,False,False,Default,Default,Default,Default,Default,Default,Default,Default,5,Default,1,Default,Default,Default,Default,Default,Throughput,16,3,50,Large,SqlServer,8,NA,NA,NA,NA,NA,NA,NA,NA,NA,NA
'Sequential Write Operations',Job-MTDSPA,False,Default,Default,Default,Default,Default,Default,11111111,Empty,RyuJit,Default,X64,8c5e7fda-e8bf-4a96-9a85-a6e23a8c635c,.NET 9.0,False,True,False,True,Default,Default,False,False,False,Default,Default,Default,Default,Default,Default,Default,Default,Default,Default,Default,Default,Default,Default,Default,Default,Throughput,16,Default,50,Large,SqlServer,8,NA,NA,NA,NA,NA,NA,NA,NA,NA,NA
'Sequential Read Operations',Job-MTDSPA,False,Default,Default,Default,Default,Default,Default,11111111,Empty,RyuJit,Default,X64,8c5e7fda-e8bf-4a96-9a85-a6e23a8c635c,.NET 9.0,False,True,False,True,Default,Default,False,False,False,Default,Default,Default,Default,Default,Default,Default,Default,Default,Default,Default,Default,Default,Default,Default,Default,Throughput,16,Default,50,Large,SqlServer,8,NA,NA,NA,NA,NA,NA,NA,NA,NA,NA
"'Mixed Operations (70% Read, 20% Write, 10% Delete)'",Job-MTDSPA,False,Default,Default,Default,Default,Default,Default,11111111,Empty,RyuJit,Default,X64,8c5e7fda-e8bf-4a96-9a85-a6e23a8c635c,.NET 9.0,False,True,False,True,Default,Default,False,False,False,Default,Default,Default,Default,Default,Default,Default,Default,Default,Default,Default,Default,Default,Default,Default,Default,Throughput,16,Default,50,Large,SqlServer,8,NA,NA,NA,NA,NA,NA,NA,NA,NA,NA
'Batch Operations',Job-MTDSPA,False,Default,Default,Default,Default,Default,Default,11111111,Empty,RyuJit,Default,X64,8c5e7fda-e8bf-4a96-9a85-a6e23a8c635c,.NET 9.0,False,True,False,True,Default,Default,False,False,False,Default,Default,Default,Default,Default,Default,Default,Default,Default,Default,Default,Default,Default,Default,Default,Default,Throughput,16,Default,50,Large,SqlServer,8,NA,NA,NA,NA,NA,NA,NA,NA,NA,NA
'GetAll Operation',Job-MTDSPA,False,Default,Default,Default,Default,Default,Default,11111111,Empty,RyuJit,Default,X64,8c5e7fda-e8bf-4a96-9a85-a6e23a8c635c,.NET 9.0,False,True,False,True,Default,Default,False,False,False,Default,Default,Default,Default,Default,Default,Default,Default,Default,Default,Default,Default,Default,Default,Default,Default,Throughput,16,Default,50,Large,SqlServer,8,NA,NA,NA,NA,NA,NA,NA,NA,NA,NA
'Sequential Write Operations',Job-CKOZGI,False,Default,Default,Default,Default,Default,Default,11111111,Empty,RyuJit,Default,X64,8c5e7fda-e8bf-4a96-9a85-a6e23a8c635c,.NET 9.0,False,True,False,True,Default,Default,False,False,False,Default,Default,Default,Default,Default,Default,Default,Default,5,Default,1,Default,Default,Default,Default,Default,Throughput,16,3,50,Large,SQLite,8,"1,372,714.02 μs","251,864.969 μs","65,408.533 μs","1,371,346.20 μs",0.0000,0.0000,0.0000,0.0000,0.0000,1221784.31 KB
'Sequential Read Operations',Job-CKOZGI,False,Default,Default,Default,Default,Default,Default,11111111,Empty,RyuJit,Default,X64,8c5e7fda-e8bf-4a96-9a85-a6e23a8c635c,.NET 9.0,False,True,False,True,Default,Default,False,False,False,Default,Default,Default,Default,Default,Default,Default,Default,5,Default,1,Default,Default,Default,Default,Default,Throughput,16,3,50,Large,SQLite,8,"2,355,247.04 μs","150,494.684 μs","39,082.992 μs","2,339,621.60 μs",5000.0000,0.0000,0.0000,4000.0000,4000.0000,3836905.48 KB
"'Mixed Operations (70% Read, 20% Write, 10% Delete)'",Job-CKOZGI,False,Default,Default,Default,Default,Default,Default,11111111,Empty,RyuJit,Default,X64,8c5e7fda-e8bf-4a96-9a85-a6e23a8c635c,.NET 9.0,False,True,False,True,Default,Default,False,False,False,Default,Default,Default,Default,Default,Default,Default,Default,5,Default,1,Default,Default,Default,Default,Default,Throughput,16,3,50,Large,SQLite,8,"1,739,208.54 μs","99,986.474 μs","25,966.170 μs","1,745,375.00 μs",2000.0000,0.0000,0.0000,2000.0000,2000.0000,2811443.8 KB
'Batch Operations',Job-CKOZGI,False,Default,Default,Default,Default,Default,Default,11111111,Empty,RyuJit,Default,X64,8c5e7fda-e8bf-4a96-9a85-a6e23a8c635c,.NET 9.0,False,True,False,True,Default,Default,False,False,False,Default,Default,Default,Default,Default,Default,Default,Default,5,Default,1,Default,Default,Default,Default,Default,Throughput,16,3,50,Large,SQLite,8,"1,330,182.27 μs","80,500.752 μs","12,457.580 μs","1,325,306.60 μs",0.0000,0.0000,0.0000,0.0000,0.0000,1221785.47 KB
'GetAll Operation',Job-CKOZGI,False,Default,Default,Default,Default,Default,Default,11111111,Empty,RyuJit,Default,X64,8c5e7fda-e8bf-4a96-9a85-a6e23a8c635c,.NET 9.0,False,True,False,True,Default,Default,False,False,False,Default,Default,Default,Default,Default,Default,Default,Default,5,Default,1,Default,Default,Default,Default,Default,Throughput,16,3,50,Large,SQLite,8,"2,282,492.44 μs","198,175.478 μs","51,465.542 μs","2,259,237.00 μs",3000.0000,0.0000,0.0000,2000.0000,2000.0000,3836803.38 KB
'Sequential Write Operations',Job-MTDSPA,False,Default,Default,Default,Default,Default,Default,11111111,Empty,RyuJit,Default,X64,8c5e7fda-e8bf-4a96-9a85-a6e23a8c635c,.NET 9.0,False,True,False,True,Default,Default,False,False,False,Default,Default,Default,Default,Default,Default,Default,Default,Default,Default,Default,Default,Default,Default,Default,Default,Throughput,16,Default,50,Large,SQLite,8,"1,358,155.02 μs","27,128.530 μs","72,879.040 μs","1,328,593.00 μs",0.0000,0.0000,0.0000,0.0000,0.0000,1221784.31 KB
'Sequential Read Operations',Job-MTDSPA,False,Default,Default,Default,Default,Default,Default,11111111,Empty,RyuJit,Default,X64,8c5e7fda-e8bf-4a96-9a85-a6e23a8c635c,.NET 9.0,False,True,False,True,Default,Default,False,False,False,Default,Default,Default,Default,Default,Default,Default,Default,Default,Default,Default,Default,Default,Default,Default,Default,Throughput,16,Default,50,Large,SQLite,8,"2,362,585.45 μs","46,272.279 μs","72,040.369 μs","2,354,974.75 μs",5000.0000,0.0000,0.0000,4000.0000,4000.0000,3836905.48 KB
"'Mixed Operations (70% Read, 20% Write, 10% Delete)'",Job-MTDSPA,False,Default,Default,Default,Default,Default,Default,11111111,Empty,RyuJit,Default,X64,8c5e7fda-e8bf-4a96-9a85-a6e23a8c635c,.NET 9.0,False,True,False,True,Default,Default,False,False,False,Default,Default,Default,Default,Default,Default,Default,Default,Default,Default,Default,Default,Default,Default,Default,Default,Throughput,16,Default,50,Large,SQLite,8,"1,698,772.96 μs","33,500.651 μs","35,845.321 μs","1,697,745.15 μs",2000.0000,0.0000,0.0000,2000.0000,2000.0000,2811443.8 KB
'Batch Operations',Job-MTDSPA,False,Default,Default,Default,Default,Default,Default,11111111,Empty,RyuJit,Default,X64,8c5e7fda-e8bf-4a96-9a85-a6e23a8c635c,.NET 9.0,False,True,False,True,Default,Default,False,False,False,Default,Default,Default,Default,Default,Default,Default,Default,Default,Default,Default,Default,Default,Default,Default,Default,Throughput,16,Default,50,Large,SQLite,8,"1,318,770.05 μs","21,211.561 μs","17,712.614 μs","1,319,520.00 μs",0.0000,0.0000,0.0000,0.0000,0.0000,1221785.47 KB
'GetAll Operation',Job-MTDSPA,False,Default,Default,Default,Default,Default,Default,11111111,Empty,RyuJit,Default,X64,8c5e7fda-e8bf-4a96-9a85-a6e23a8c635c,.NET 9.0,False,True,False,True,Default,Default,False,False,False,Default,Default,Default,Default,Default,Default,Default,Default,Default,Default,Default,Default,Default,Default,Default,Default,Throughput,16,Default,50,Large,SQLite,8,"2,294,787.11 μs","38,029.193 μs","53,311.622 μs","2,284,323.90 μs",3000.0000,0.0000,0.0000,2000.0000,2000.0000,3836803.38 KB
