Method,Job,AnalyzeLaunchVariance,EvaluateOverhead,MaxAbsoluteError,MaxRelativeError,MinInvokeCount,MinIterationTime,OutlierMode,Affinity,EnvironmentVariables,Jit,LargeAddressAware,Platform,PowerPlanMode,Runtime,AllowVeryLargeObjects,Concurrent,CpuGroups,Force,HeapAffinitizeMask,HeapCount,NoAffinitize,RetainVm,Server,Arguments,BuildConfiguration,Clock,EngineFactory,NuGetReferences,Toolchain,IsMutator,InvocationCount,IterationCount,IterationTime,LaunchCount,MaxIterationCount,MaxWarmupIterationCount,MemoryRandomization,MinIterationCount,MinWarmupIterationCount,RunStrategy,UnrollFactor,WarmupCount,OperationCount,PayloadSize,ProviderType,CoreCount,Mean,Error,StdDev,Completed Work Items,Lock Contentions,Gen0,Gen1,Gen2,Allocated
'Sequential Write Operations',Job-KVSPPI,False,Default,Default,Default,Default,Default,Default,111111111111111111111111111111111111111111111111,Empty,RyuJit,Default,X64,8c5e7fda-e8bf-4a96-9a85-a6e23a8c635c,.NET 9.0,False,True,False,True,Default,Default,False,False,False,Default,Default,Default,Default,Default,Default,Default,Default,5,Default,1,Default,Default,Default,Default,Default,Throughput,16,3,50,Small,InMemory,8,173.50 μs,3.508 μs,0.911 μs,0.0000,0.0000,0.2441,0.0000,0.0000,8.59 KB
'Sequential Read Operations',Job-KVSPPI,False,Default,Default,Default,Default,Default,Default,111111111111111111111111111111111111111111111111,Empty,RyuJit,Default,X64,8c5e7fda-e8bf-4a96-9a85-a6e23a8c635c,.NET 9.0,False,True,False,True,Default,Default,False,False,False,Default,Default,Default,Default,Default,Default,Default,Default,5,Default,1,Default,Default,Default,Default,Default,Throughput,16,3,50,Small,InMemory,8,178.24 μs,0.865 μs,0.134 μs,0.0000,0.0000,0.2441,0.0000,0.0000,12.11 KB
"'Mixed Operations (70% Read, 20% Write, 10% Delete)'",Job-KVSPPI,False,Default,Default,Default,Default,Default,Default,111111111111111111111111111111111111111111111111,Empty,RyuJit,Default,X64,8c5e7fda-e8bf-4a96-9a85-a6e23a8c635c,.NET 9.0,False,True,False,True,Default,Default,False,False,False,Default,Default,Default,Default,Default,Default,Default,Default,5,Default,1,Default,Default,Default,Default,Default,Throughput,16,3,50,Small,InMemory,8,73.16 μs,0.672 μs,0.104 μs,0.0000,0.0000,0.2441,0.0000,0.0000,9.44 KB
'Batch Operations',Job-KVSPPI,False,Default,Default,Default,Default,Default,Default,111111111111111111111111111111111111111111111111,Empty,RyuJit,Default,X64,8c5e7fda-e8bf-4a96-9a85-a6e23a8c635c,.NET 9.0,False,True,False,True,Default,Default,False,False,False,Default,Default,Default,Default,Default,Default,Default,Default,5,Default,1,Default,Default,Default,Default,Default,Throughput,16,3,50,Small,InMemory,8,177.76 μs,11.232 μs,2.917 μs,0.0000,0.0000,0.2441,0.0000,0.0000,9.75 KB
'GetAll Operation',Job-KVSPPI,False,Default,Default,Default,Default,Default,Default,111111111111111111111111111111111111111111111111,Empty,RyuJit,Default,X64,8c5e7fda-e8bf-4a96-9a85-a6e23a8c635c,.NET 9.0,False,True,False,True,Default,Default,False,False,False,Default,Default,Default,Default,Default,Default,Default,Default,5,Default,1,Default,Default,Default,Default,Default,Throughput,16,3,50,Small,InMemory,8,178.91 μs,0.917 μs,0.142 μs,0.0000,0.0000,0.2441,0.0000,0.0000,9.76 KB
'Sequential Write Operations',Job-NEEKXC,False,Default,Default,Default,Default,Default,Default,111111111111111111111111111111111111111111111111,Empty,RyuJit,Default,X64,8c5e7fda-e8bf-4a96-9a85-a6e23a8c635c,.NET 9.0,False,True,False,True,Default,Default,False,False,False,Default,Default,Default,Default,Default,Default,Default,Default,Default,Default,Default,Default,Default,Default,Default,Default,Throughput,16,Default,50,Small,InMemory,8,172.61 μs,0.313 μs,0.262 μs,0.0000,0.0000,0.2441,0.0000,0.0000,8.59 KB
'Sequential Read Operations',Job-NEEKXC,False,Default,Default,Default,Default,Default,Default,111111111111111111111111111111111111111111111111,Empty,RyuJit,Default,X64,8c5e7fda-e8bf-4a96-9a85-a6e23a8c635c,.NET 9.0,False,True,False,True,Default,Default,False,False,False,Default,Default,Default,Default,Default,Default,Default,Default,Default,Default,Default,Default,Default,Default,Default,Default,Throughput,16,Default,50,Small,InMemory,8,178.24 μs,0.301 μs,0.251 μs,0.0000,0.0000,0.2441,0.0000,0.0000,12.11 KB
"'Mixed Operations (70% Read, 20% Write, 10% Delete)'",Job-NEEKXC,False,Default,Default,Default,Default,Default,Default,111111111111111111111111111111111111111111111111,Empty,RyuJit,Default,X64,8c5e7fda-e8bf-4a96-9a85-a6e23a8c635c,.NET 9.0,False,True,False,True,Default,Default,False,False,False,Default,Default,Default,Default,Default,Default,Default,Default,Default,Default,Default,Default,Default,Default,Default,Default,Throughput,16,Default,50,Small,InMemory,8,73.84 μs,0.150 μs,0.140 μs,0.0000,0.0000,0.2441,0.0000,0.0000,9.44 KB
'Batch Operations',Job-NEEKXC,False,Default,Default,Default,Default,Default,Default,111111111111111111111111111111111111111111111111,Empty,RyuJit,Default,X64,8c5e7fda-e8bf-4a96-9a85-a6e23a8c635c,.NET 9.0,False,True,False,True,Default,Default,False,False,False,Default,Default,Default,Default,Default,Default,Default,Default,Default,Default,Default,Default,Default,Default,Default,Default,Throughput,16,Default,50,Small,InMemory,8,174.66 μs,1.074 μs,0.952 μs,0.0000,0.0000,0.2441,0.0000,0.0000,9.75 KB
'GetAll Operation',Job-NEEKXC,False,Default,Default,Default,Default,Default,Default,111111111111111111111111111111111111111111111111,Empty,RyuJit,Default,X64,8c5e7fda-e8bf-4a96-9a85-a6e23a8c635c,.NET 9.0,False,True,False,True,Default,Default,False,False,False,Default,Default,Default,Default,Default,Default,Default,Default,Default,Default,Default,Default,Default,Default,Default,Default,Throughput,16,Default,50,Small,InMemory,8,179.12 μs,0.294 μs,0.275 μs,0.0000,0.0000,0.2441,0.0000,0.0000,9.76 KB
'Sequential Write Operations',Job-KVSPPI,False,Default,Default,Default,Default,Default,Default,111111111111111111111111111111111111111111111111,Empty,RyuJit,Default,X64,8c5e7fda-e8bf-4a96-9a85-a6e23a8c635c,.NET 9.0,False,True,False,True,Default,Default,False,False,False,Default,Default,Default,Default,Default,Default,Default,Default,5,Default,1,Default,Default,Default,Default,Default,Throughput,16,3,50,Small,FileSystem,8,"55,640.97 μs","1,387.323 μs",214.690 μs,50.0000,0.0000,0.0000,0.0000,0.0000,773.61 KB
'Sequential Read Operations',Job-KVSPPI,False,Default,Default,Default,Default,Default,Default,111111111111111111111111111111111111111111111111,Empty,RyuJit,Default,X64,8c5e7fda-e8bf-4a96-9a85-a6e23a8c635c,.NET 9.0,False,True,False,True,Default,Default,False,False,False,Default,Default,Default,Default,Default,Default,Default,Default,5,Default,1,Default,Default,Default,Default,Default,Throughput,16,3,50,Small,FileSystem,8,"79,363.28 μs","4,430.920 μs","1,150.696 μs",150.0000,0.0000,0.0000,0.0000,0.0000,1755.76 KB
"'Mixed Operations (70% Read, 20% Write, 10% Delete)'",Job-KVSPPI,False,Default,Default,Default,Default,Default,Default,111111111111111111111111111111111111111111111111,Empty,RyuJit,Default,X64,8c5e7fda-e8bf-4a96-9a85-a6e23a8c635c,.NET 9.0,False,True,False,True,Default,Default,False,False,False,Default,Default,Default,Default,Default,Default,Default,Default,5,Default,1,Default,Default,Default,Default,Default,Throughput,16,3,50,Small,FileSystem,8,"60,726.36 μs","5,804.585 μs","1,507.432 μs",110.0000,0.0000,0.0000,0.0000,0.0000,1295.54 KB
'Batch Operations',Job-KVSPPI,False,Default,Default,Default,Default,Default,Default,111111111111111111111111111111111111111111111111,Empty,RyuJit,Default,X64,8c5e7fda-e8bf-4a96-9a85-a6e23a8c635c,.NET 9.0,False,True,False,True,Default,Default,False,False,False,Default,Default,Default,Default,Default,Default,Default,Default,5,Default,1,Default,Default,Default,Default,Default,Throughput,16,3,50,Small,FileSystem,8,"56,439.63 μs","4,716.130 μs","1,224.764 μs",50.0000,0.0000,0.0000,0.0000,0.0000,774.77 KB
'GetAll Operation',Job-KVSPPI,False,Default,Default,Default,Default,Default,Default,111111111111111111111111111111111111111111111111,Empty,RyuJit,Default,X64,8c5e7fda-e8bf-4a96-9a85-a6e23a8c635c,.NET 9.0,False,True,False,True,Default,Default,False,False,False,Default,Default,Default,Default,Default,Default,Default,Default,5,Default,1,Default,Default,Default,Default,Default,Throughput,16,3,50,Small,FileSystem,8,"79,906.77 μs","9,289.998 μs","2,412.583 μs",149.8571,0.0000,0.0000,0.0000,0.0000,1797.39 KB
'Sequential Write Operations',Job-NEEKXC,False,Default,Default,Default,Default,Default,Default,111111111111111111111111111111111111111111111111,Empty,RyuJit,Default,X64,8c5e7fda-e8bf-4a96-9a85-a6e23a8c635c,.NET 9.0,False,True,False,True,Default,Default,False,False,False,Default,Default,Default,Default,Default,Default,Default,Default,Default,Default,Default,Default,Default,Default,Default,Default,Throughput,16,Default,50,Small,FileSystem,8,"57,223.88 μs","1,140.106 μs","1,598.269 μs",50.0000,0.0000,0.0000,0.0000,0.0000,773.61 KB
'Sequential Read Operations',Job-NEEKXC,False,Default,Default,Default,Default,Default,Default,111111111111111111111111111111111111111111111111,Empty,RyuJit,Default,X64,8c5e7fda-e8bf-4a96-9a85-a6e23a8c635c,.NET 9.0,False,True,False,True,Default,Default,False,False,False,Default,Default,Default,Default,Default,Default,Default,Default,Default,Default,Default,Default,Default,Default,Default,Default,Throughput,16,Default,50,Small,FileSystem,8,"78,527.80 μs","1,507.598 μs","1,410.208 μs",150.0000,0.0000,0.0000,0.0000,0.0000,1755.98 KB
"'Mixed Operations (70% Read, 20% Write, 10% Delete)'",Job-NEEKXC,False,Default,Default,Default,Default,Default,Default,111111111111111111111111111111111111111111111111,Empty,RyuJit,Default,X64,8c5e7fda-e8bf-4a96-9a85-a6e23a8c635c,.NET 9.0,False,True,False,True,Default,Default,False,False,False,Default,Default,Default,Default,Default,Default,Default,Default,Default,Default,Default,Default,Default,Default,Default,Default,Throughput,16,Default,50,Small,FileSystem,8,"61,495.45 μs","1,223.876 μs","1,941.198 μs",110.0000,0.0000,0.0000,0.0000,0.0000,1295.34 KB
'Batch Operations',Job-NEEKXC,False,Default,Default,Default,Default,Default,Default,111111111111111111111111111111111111111111111111,Empty,RyuJit,Default,X64,8c5e7fda-e8bf-4a96-9a85-a6e23a8c635c,.NET 9.0,False,True,False,True,Default,Default,False,False,False,Default,Default,Default,Default,Default,Default,Default,Default,Default,Default,Default,Default,Default,Default,Default,Default,Throughput,16,Default,50,Small,FileSystem,8,"57,065.27 μs","1,129.106 μs","2,064.634 μs",50.0000,0.0000,0.0000,0.0000,0.0000,774.77 KB
'GetAll Operation',Job-NEEKXC,False,Default,Default,Default,Default,Default,Default,111111111111111111111111111111111111111111111111,Empty,RyuJit,Default,X64,8c5e7fda-e8bf-4a96-9a85-a6e23a8c635c,.NET 9.0,False,True,False,True,Default,Default,False,False,False,Default,Default,Default,Default,Default,Default,Default,Default,Default,Default,Default,Default,Default,Default,Default,Default,Throughput,16,Default,50,Small,FileSystem,8,"78,935.94 μs","1,556.320 μs","1,729.845 μs",150.0000,0.0000,0.0000,0.0000,0.0000,1797.3 KB
'Sequential Write Operations',Job-KVSPPI,False,Default,Default,Default,Default,Default,Default,111111111111111111111111111111111111111111111111,Empty,RyuJit,Default,X64,8c5e7fda-e8bf-4a96-9a85-a6e23a8c635c,.NET 9.0,False,True,False,True,Default,Default,False,False,False,Default,Default,Default,Default,Default,Default,Default,Default,5,Default,1,Default,Default,Default,Default,Default,Throughput,16,3,50,Small,Esent,8,"103,379.00 μs","3,880.399 μs","1,007.727 μs",50.0000,0.0000,0.0000,0.0000,0.0000,535.99 KB
'Sequential Read Operations',Job-KVSPPI,False,Default,Default,Default,Default,Default,Default,111111111111111111111111111111111111111111111111,Empty,RyuJit,Default,X64,8c5e7fda-e8bf-4a96-9a85-a6e23a8c635c,.NET 9.0,False,True,False,True,Default,Default,False,False,False,Default,Default,Default,Default,Default,Default,Default,Default,5,Default,1,Default,Default,Default,Default,Default,Throughput,16,3,50,Small,Esent,8,"103,540.84 μs","9,826.771 μs","2,551.981 μs",100.0000,0.0000,0.0000,0.0000,0.0000,1277.27 KB
"'Mixed Operations (70% Read, 20% Write, 10% Delete)'",Job-KVSPPI,False,Default,Default,Default,Default,Default,Default,111111111111111111111111111111111111111111111111,Empty,RyuJit,Default,X64,8c5e7fda-e8bf-4a96-9a85-a6e23a8c635c,.NET 9.0,False,True,False,True,Default,Default,False,False,False,Default,Default,Default,Default,Default,Default,Default,Default,5,Default,1,Default,Default,Default,Default,Default,Throughput,16,3,50,Small,Esent,8,"80,656.75 μs","5,545.695 μs","1,440.199 μs",75.0000,0.0000,0.0000,0.0000,0.0000,941.36 KB
'Batch Operations',Job-KVSPPI,False,Default,Default,Default,Default,Default,Default,111111111111111111111111111111111111111111111111,Empty,RyuJit,Default,X64,8c5e7fda-e8bf-4a96-9a85-a6e23a8c635c,.NET 9.0,False,True,False,True,Default,Default,False,False,False,Default,Default,Default,Default,Default,Default,Default,Default,5,Default,1,Default,Default,Default,Default,Default,Throughput,16,3,50,Small,Esent,8,"104,513.61 μs","11,923.029 μs","1,845.102 μs",99.0000,0.0000,0.0000,0.0000,0.0000,541.33 KB
'GetAll Operation',Job-KVSPPI,False,Default,Default,Default,Default,Default,Default,111111111111111111111111111111111111111111111111,Empty,RyuJit,Default,X64,8c5e7fda-e8bf-4a96-9a85-a6e23a8c635c,.NET 9.0,False,True,False,True,Default,Default,False,False,False,Default,Default,Default,Default,Default,Default,Default,Default,5,Default,1,Default,Default,Default,Default,Default,Throughput,16,3,50,Small,Esent,8,"103,469.23 μs","9,518.386 μs","1,472.981 μs",51.0000,0.0000,0.0000,0.0000,0.0000,1240.95 KB
'Sequential Write Operations',Job-NEEKXC,False,Default,Default,Default,Default,Default,Default,111111111111111111111111111111111111111111111111,Empty,RyuJit,Default,X64,8c5e7fda-e8bf-4a96-9a85-a6e23a8c635c,.NET 9.0,False,True,False,True,Default,Default,False,False,False,Default,Default,Default,Default,Default,Default,Default,Default,Default,Default,Default,Default,Default,Default,Default,Default,Throughput,16,Default,50,Small,Esent,8,"103,350.55 μs","1,402.129 μs","1,242.951 μs",50.0000,0.0000,0.0000,0.0000,0.0000,536.14 KB
'Sequential Read Operations',Job-NEEKXC,False,Default,Default,Default,Default,Default,Default,111111111111111111111111111111111111111111111111,Empty,RyuJit,Default,X64,8c5e7fda-e8bf-4a96-9a85-a6e23a8c635c,.NET 9.0,False,True,False,True,Default,Default,False,False,False,Default,Default,Default,Default,Default,Default,Default,Default,Default,Default,Default,Default,Default,Default,Default,Default,Throughput,16,Default,50,Small,Esent,8,"103,545.18 μs","1,391.869 μs","1,301.955 μs",100.0000,0.0000,0.0000,0.0000,0.0000,1277.22 KB
"'Mixed Operations (70% Read, 20% Write, 10% Delete)'",Job-NEEKXC,False,Default,Default,Default,Default,Default,Default,111111111111111111111111111111111111111111111111,Empty,RyuJit,Default,X64,8c5e7fda-e8bf-4a96-9a85-a6e23a8c635c,.NET 9.0,False,True,False,True,Default,Default,False,False,False,Default,Default,Default,Default,Default,Default,Default,Default,Default,Default,Default,Default,Default,Default,Default,Default,Throughput,16,Default,50,Small,Esent,8,"80,559.25 μs","1,565.120 μs","1,802.395 μs",75.0000,0.0000,0.0000,0.0000,0.0000,941.58 KB
'Batch Operations',Job-NEEKXC,False,Default,Default,Default,Default,Default,Default,111111111111111111111111111111111111111111111111,Empty,RyuJit,Default,X64,8c5e7fda-e8bf-4a96-9a85-a6e23a8c635c,.NET 9.0,False,True,False,True,Default,Default,False,False,False,Default,Default,Default,Default,Default,Default,Default,Default,Default,Default,Default,Default,Default,Default,Default,Default,Throughput,16,Default,50,Small,Esent,8,"103,684.73 μs","1,963.960 μs","2,337.955 μs",99.0000,0.0000,0.0000,0.0000,0.0000,541.33 KB
'GetAll Operation',Job-NEEKXC,False,Default,Default,Default,Default,Default,Default,111111111111111111111111111111111111111111111111,Empty,RyuJit,Default,X64,8c5e7fda-e8bf-4a96-9a85-a6e23a8c635c,.NET 9.0,False,True,False,True,Default,Default,False,False,False,Default,Default,Default,Default,Default,Default,Default,Default,Default,Default,Default,Default,Default,Default,Default,Default,Throughput,16,Default,50,Small,Esent,8,"103,032.39 μs","1,695.576 μs","1,503.084 μs",51.0000,0.0000,0.0000,0.0000,0.0000,1241.21 KB
'Sequential Write Operations',Job-KVSPPI,False,Default,Default,Default,Default,Default,Default,111111111111111111111111111111111111111111111111,Empty,RyuJit,Default,X64,8c5e7fda-e8bf-4a96-9a85-a6e23a8c635c,.NET 9.0,False,True,False,True,Default,Default,False,False,False,Default,Default,Default,Default,Default,Default,Default,Default,5,Default,1,Default,Default,Default,Default,Default,Throughput,16,3,50,Small,ClusterRegistry,8,"1,040.13 μs",18.530 μs,4.812 μs,0.0000,0.0000,15.6250,0.0000,0.0000,566.46 KB
'Sequential Read Operations',Job-KVSPPI,False,Default,Default,Default,Default,Default,Default,111111111111111111111111111111111111111111111111,Empty,RyuJit,Default,X64,8c5e7fda-e8bf-4a96-9a85-a6e23a8c635c,.NET 9.0,False,True,False,True,Default,Default,False,False,False,Default,Default,Default,Default,Default,Default,Default,Default,5,Default,1,Default,Default,Default,Default,Default,Throughput,16,3,50,Small,ClusterRegistry,8,"2,293.89 μs",52.957 μs,13.753 μs,0.0000,0.0000,39.0625,0.0000,0.0000,1352.35 KB
"'Mixed Operations (70% Read, 20% Write, 10% Delete)'",Job-KVSPPI,False,Default,Default,Default,Default,Default,Default,111111111111111111111111111111111111111111111111,Empty,RyuJit,Default,X64,8c5e7fda-e8bf-4a96-9a85-a6e23a8c635c,.NET 9.0,False,True,False,True,Default,Default,False,False,False,Default,Default,Default,Default,Default,Default,Default,Default,5,Default,1,Default,Default,Default,Default,Default,Throughput,16,3,50,Small,ClusterRegistry,8,"1,765.11 μs",42.775 μs,11.108 μs,0.0000,0.0000,23.4375,0.0000,0.0000,997.08 KB
'Batch Operations',Job-KVSPPI,False,Default,Default,Default,Default,Default,Default,111111111111111111111111111111111111111111111111,Empty,RyuJit,Default,X64,8c5e7fda-e8bf-4a96-9a85-a6e23a8c635c,.NET 9.0,False,True,False,True,Default,Default,False,False,False,Default,Default,Default,Default,Default,Default,Default,Default,5,Default,1,Default,Default,Default,Default,Default,Throughput,16,3,50,Small,ClusterRegistry,8,"1,036.42 μs",27.459 μs,7.131 μs,0.0000,0.0000,15.6250,0.0000,0.0000,567.62 KB
'GetAll Operation',Job-KVSPPI,False,Default,Default,Default,Default,Default,Default,111111111111111111111111111111111111111111111111,Empty,RyuJit,Default,X64,8c5e7fda-e8bf-4a96-9a85-a6e23a8c635c,.NET 9.0,False,True,False,True,Default,Default,False,False,False,Default,Default,Default,Default,Default,Default,Default,Default,5,Default,1,Default,Default,Default,Default,Default,Throughput,16,3,50,Small,ClusterRegistry,8,"2,139.42 μs",49.500 μs,12.855 μs,0.0000,0.0000,31.2500,7.8125,0.0000,1277.94 KB
'Sequential Write Operations',Job-NEEKXC,False,Default,Default,Default,Default,Default,Default,111111111111111111111111111111111111111111111111,Empty,RyuJit,Default,X64,8c5e7fda-e8bf-4a96-9a85-a6e23a8c635c,.NET 9.0,False,True,False,True,Default,Default,False,False,False,Default,Default,Default,Default,Default,Default,Default,Default,Default,Default,Default,Default,Default,Default,Default,Default,Throughput,16,Default,50,Small,ClusterRegistry,8,"1,040.05 μs",8.888 μs,7.879 μs,0.0000,0.0000,15.6250,0.0000,0.0000,566.46 KB
'Sequential Read Operations',Job-NEEKXC,False,Default,Default,Default,Default,Default,Default,111111111111111111111111111111111111111111111111,Empty,RyuJit,Default,X64,8c5e7fda-e8bf-4a96-9a85-a6e23a8c635c,.NET 9.0,False,True,False,True,Default,Default,False,False,False,Default,Default,Default,Default,Default,Default,Default,Default,Default,Default,Default,Default,Default,Default,Default,Default,Throughput,16,Default,50,Small,ClusterRegistry,8,"2,322.44 μs",17.501 μs,15.514 μs,0.0000,0.0000,39.0625,0.0000,0.0000,1352.35 KB
"'Mixed Operations (70% Read, 20% Write, 10% Delete)'",Job-NEEKXC,False,Default,Default,Default,Default,Default,Default,111111111111111111111111111111111111111111111111,Empty,RyuJit,Default,X64,8c5e7fda-e8bf-4a96-9a85-a6e23a8c635c,.NET 9.0,False,True,False,True,Default,Default,False,False,False,Default,Default,Default,Default,Default,Default,Default,Default,Default,Default,Default,Default,Default,Default,Default,Default,Throughput,16,Default,50,Small,ClusterRegistry,8,"1,761.42 μs",14.449 μs,11.281 μs,0.0000,0.0000,23.4375,0.0000,0.0000,997.08 KB
'Batch Operations',Job-NEEKXC,False,Default,Default,Default,Default,Default,Default,111111111111111111111111111111111111111111111111,Empty,RyuJit,Default,X64,8c5e7fda-e8bf-4a96-9a85-a6e23a8c635c,.NET 9.0,False,True,False,True,Default,Default,False,False,False,Default,Default,Default,Default,Default,Default,Default,Default,Default,Default,Default,Default,Default,Default,Default,Default,Throughput,16,Default,50,Small,ClusterRegistry,8,"1,037.04 μs",7.521 μs,7.035 μs,0.0000,0.0000,15.6250,0.0000,0.0000,567.62 KB
'GetAll Operation',Job-NEEKXC,False,Default,Default,Default,Default,Default,Default,111111111111111111111111111111111111111111111111,Empty,RyuJit,Default,X64,8c5e7fda-e8bf-4a96-9a85-a6e23a8c635c,.NET 9.0,False,True,False,True,Default,Default,False,False,False,Default,Default,Default,Default,Default,Default,Default,Default,Default,Default,Default,Default,Default,Default,Default,Default,Throughput,16,Default,50,Small,ClusterRegistry,8,"2,158.47 μs",12.733 μs,11.911 μs,0.0000,0.0000,31.2500,7.8125,0.0000,1277.94 KB
'Sequential Write Operations',Job-KVSPPI,False,Default,Default,Default,Default,Default,Default,111111111111111111111111111111111111111111111111,Empty,RyuJit,Default,X64,8c5e7fda-e8bf-4a96-9a85-a6e23a8c635c,.NET 9.0,False,True,False,True,Default,Default,False,False,False,Default,Default,Default,Default,Default,Default,Default,Default,5,Default,1,Default,Default,Default,Default,Default,Throughput,16,3,50,Medium,InMemory,8,173.09 μs,1.002 μs,0.260 μs,0.0000,0.0000,0.2441,0.0000,0.0000,8.59 KB
'Sequential Read Operations',Job-KVSPPI,False,Default,Default,Default,Default,Default,Default,111111111111111111111111111111111111111111111111,Empty,RyuJit,Default,X64,8c5e7fda-e8bf-4a96-9a85-a6e23a8c635c,.NET 9.0,False,True,False,True,Default,Default,False,False,False,Default,Default,Default,Default,Default,Default,Default,Default,5,Default,1,Default,Default,Default,Default,Default,Throughput,16,3,50,Medium,InMemory,8,178.09 μs,1.271 μs,0.330 μs,0.0000,0.0000,0.2441,0.0000,0.0000,12.11 KB
"'Mixed Operations (70% Read, 20% Write, 10% Delete)'",Job-KVSPPI,False,Default,Default,Default,Default,Default,Default,111111111111111111111111111111111111111111111111,Empty,RyuJit,Default,X64,8c5e7fda-e8bf-4a96-9a85-a6e23a8c635c,.NET 9.0,False,True,False,True,Default,Default,False,False,False,Default,Default,Default,Default,Default,Default,Default,Default,5,Default,1,Default,Default,Default,Default,Default,Throughput,16,3,50,Medium,InMemory,8,74.07 μs,1.714 μs,0.445 μs,0.0000,0.0000,0.2441,0.0000,0.0000,9.44 KB
'Batch Operations',Job-KVSPPI,False,Default,Default,Default,Default,Default,Default,111111111111111111111111111111111111111111111111,Empty,RyuJit,Default,X64,8c5e7fda-e8bf-4a96-9a85-a6e23a8c635c,.NET 9.0,False,True,False,True,Default,Default,False,False,False,Default,Default,Default,Default,Default,Default,Default,Default,5,Default,1,Default,Default,Default,Default,Default,Throughput,16,3,50,Medium,InMemory,8,176.15 μs,1.864 μs,0.484 μs,0.0000,0.0000,0.2441,0.0000,0.0000,9.75 KB
'GetAll Operation',Job-KVSPPI,False,Default,Default,Default,Default,Default,Default,111111111111111111111111111111111111111111111111,Empty,RyuJit,Default,X64,8c5e7fda-e8bf-4a96-9a85-a6e23a8c635c,.NET 9.0,False,True,False,True,Default,Default,False,False,False,Default,Default,Default,Default,Default,Default,Default,Default,5,Default,1,Default,Default,Default,Default,Default,Throughput,16,3,50,Medium,InMemory,8,180.43 μs,1.781 μs,0.276 μs,0.0000,0.0000,0.2441,0.0000,0.0000,9.76 KB
'Sequential Write Operations',Job-NEEKXC,False,Default,Default,Default,Default,Default,Default,111111111111111111111111111111111111111111111111,Empty,RyuJit,Default,X64,8c5e7fda-e8bf-4a96-9a85-a6e23a8c635c,.NET 9.0,False,True,False,True,Default,Default,False,False,False,Default,Default,Default,Default,Default,Default,Default,Default,Default,Default,Default,Default,Default,Default,Default,Default,Throughput,16,Default,50,Medium,InMemory,8,173.38 μs,0.245 μs,0.229 μs,0.0000,0.0000,0.2441,0.0000,0.0000,8.59 KB
'Sequential Read Operations',Job-NEEKXC,False,Default,Default,Default,Default,Default,Default,111111111111111111111111111111111111111111111111,Empty,RyuJit,Default,X64,8c5e7fda-e8bf-4a96-9a85-a6e23a8c635c,.NET 9.0,False,True,False,True,Default,Default,False,False,False,Default,Default,Default,Default,Default,Default,Default,Default,Default,Default,Default,Default,Default,Default,Default,Default,Throughput,16,Default,50,Medium,InMemory,8,178.13 μs,0.390 μs,0.365 μs,0.0000,0.0000,0.2441,0.0000,0.0000,12.11 KB
"'Mixed Operations (70% Read, 20% Write, 10% Delete)'",Job-NEEKXC,False,Default,Default,Default,Default,Default,Default,111111111111111111111111111111111111111111111111,Empty,RyuJit,Default,X64,8c5e7fda-e8bf-4a96-9a85-a6e23a8c635c,.NET 9.0,False,True,False,True,Default,Default,False,False,False,Default,Default,Default,Default,Default,Default,Default,Default,Default,Default,Default,Default,Default,Default,Default,Default,Throughput,16,Default,50,Medium,InMemory,8,74.36 μs,0.193 μs,0.180 μs,0.0000,0.0000,0.2441,0.0000,0.0000,9.44 KB
'Batch Operations',Job-NEEKXC,False,Default,Default,Default,Default,Default,Default,111111111111111111111111111111111111111111111111,Empty,RyuJit,Default,X64,8c5e7fda-e8bf-4a96-9a85-a6e23a8c635c,.NET 9.0,False,True,False,True,Default,Default,False,False,False,Default,Default,Default,Default,Default,Default,Default,Default,Default,Default,Default,Default,Default,Default,Default,Default,Throughput,16,Default,50,Medium,InMemory,8,175.01 μs,0.381 μs,0.357 μs,0.0000,0.0000,0.2441,0.0000,0.0000,9.75 KB
'GetAll Operation',Job-NEEKXC,False,Default,Default,Default,Default,Default,Default,111111111111111111111111111111111111111111111111,Empty,RyuJit,Default,X64,8c5e7fda-e8bf-4a96-9a85-a6e23a8c635c,.NET 9.0,False,True,False,True,Default,Default,False,False,False,Default,Default,Default,Default,Default,Default,Default,Default,Default,Default,Default,Default,Default,Default,Default,Default,Throughput,16,Default,50,Medium,InMemory,8,179.03 μs,0.317 μs,0.265 μs,0.0000,0.0000,0.2441,0.0000,0.0000,9.76 KB
'Sequential Write Operations',Job-KVSPPI,False,Default,Default,Default,Default,Default,Default,111111111111111111111111111111111111111111111111,Empty,RyuJit,Default,X64,8c5e7fda-e8bf-4a96-9a85-a6e23a8c635c,.NET 9.0,False,True,False,True,Default,Default,False,False,False,Default,Default,Default,Default,Default,Default,Default,Default,5,Default,1,Default,Default,Default,Default,Default,Throughput,16,3,50,Medium,FileSystem,8,"79,214.49 μs","6,586.146 μs","1,710.401 μs",99.8571,0.0000,1142.8571,1142.8571,1142.8571,25458.02 KB
'Sequential Read Operations',Job-KVSPPI,False,Default,Default,Default,Default,Default,Default,111111111111111111111111111111111111111111111111,Empty,RyuJit,Default,X64,8c5e7fda-e8bf-4a96-9a85-a6e23a8c635c,.NET 9.0,False,True,False,True,Default,Default,False,False,False,Default,Default,Default,Default,Default,Default,Default,Default,5,Default,1,Default,Default,Default,Default,Default,Throughput,16,3,50,Medium,FileSystem,8,"122,139.30 μs","10,255.262 μs","2,663.259 μs",200.0000,0.0000,5750.0000,5750.0000,5750.0000,75649.75 KB
"'Mixed Operations (70% Read, 20% Write, 10% Delete)'",Job-KVSPPI,False,Default,Default,Default,Default,Default,Default,111111111111111111111111111111111111111111111111,Empty,RyuJit,Default,X64,8c5e7fda-e8bf-4a96-9a85-a6e23a8c635c,.NET 9.0,False,True,False,True,Default,Default,False,False,False,Default,Default,Default,Default,Default,Default,Default,Default,5,Default,1,Default,Default,Default,Default,Default,Throughput,16,3,50,Medium,FileSystem,8,"95,073.09 μs","4,662.436 μs",721.517 μs,148.0000,0.2000,3200.0000,3200.0000,3200.0000,55473.77 KB
'Batch Operations',Job-KVSPPI,False,Default,Default,Default,Default,Default,Default,111111111111111111111111111111111111111111111111,Empty,RyuJit,Default,X64,8c5e7fda-e8bf-4a96-9a85-a6e23a8c635c,.NET 9.0,False,True,False,True,Default,Default,False,False,False,Default,Default,Default,Default,Default,Default,Default,Default,5,Default,1,Default,Default,Default,Default,Default,Throughput,16,3,50,Medium,FileSystem,8,"71,255.16 μs","9,215.475 μs","1,426.105 μs",100.0000,0.0000,1142.8571,1142.8571,1142.8571,25463.86 KB
'GetAll Operation',Job-KVSPPI,False,Default,Default,Default,Default,Default,Default,111111111111111111111111111111111111111111111111,Empty,RyuJit,Default,X64,8c5e7fda-e8bf-4a96-9a85-a6e23a8c635c,.NET 9.0,False,True,False,True,Default,Default,False,False,False,Default,Default,Default,Default,Default,Default,Default,Default,5,Default,1,Default,Default,Default,Default,Default,Throughput,16,3,50,Medium,FileSystem,8,"101,933.25 μs","11,074.631 μs","2,876.046 μs",200.0000,0.0000,3600.0000,3400.0000,3400.0000,75679.75 KB
'Sequential Write Operations',Job-NEEKXC,False,Default,Default,Default,Default,Default,Default,111111111111111111111111111111111111111111111111,Empty,RyuJit,Default,X64,8c5e7fda-e8bf-4a96-9a85-a6e23a8c635c,.NET 9.0,False,True,False,True,Default,Default,False,False,False,Default,Default,Default,Default,Default,Default,Default,Default,Default,Default,Default,Default,Default,Default,Default,Default,Throughput,16,Default,50,Medium,FileSystem,8,"80,677.56 μs","1,596.554 μs","1,838.594 μs",100.0000,0.0000,1142.8571,1142.8571,1142.8571,25458 KB
'Sequential Read Operations',Job-NEEKXC,False,Default,Default,Default,Default,Default,Default,111111111111111111111111111111111111111111111111,Empty,RyuJit,Default,X64,8c5e7fda-e8bf-4a96-9a85-a6e23a8c635c,.NET 9.0,False,True,False,True,Default,Default,False,False,False,Default,Default,Default,Default,Default,Default,Default,Default,Default,Default,Default,Default,Default,Default,Default,Default,Throughput,16,Default,50,Medium,FileSystem,8,"120,534.70 μs","2,376.307 μs","2,828.825 μs",200.0000,0.0000,5750.0000,5750.0000,5750.0000,75648.35 KB
"'Mixed Operations (70% Read, 20% Write, 10% Delete)'",Job-NEEKXC,False,Default,Default,Default,Default,Default,Default,111111111111111111111111111111111111111111111111,Empty,RyuJit,Default,X64,8c5e7fda-e8bf-4a96-9a85-a6e23a8c635c,.NET 9.0,False,True,False,True,Default,Default,False,False,False,Default,Default,Default,Default,Default,Default,Default,Default,Default,Default,Default,Default,Default,Default,Default,Default,Throughput,16,Default,50,Medium,FileSystem,8,"91,094.31 μs","1,803.398 μs","4,033.559 μs",148.0000,0.0000,4666.6667,4666.6667,4666.6667,55489.89 KB
'Batch Operations',Job-NEEKXC,False,Default,Default,Default,Default,Default,Default,111111111111111111111111111111111111111111111111,Empty,RyuJit,Default,X64,8c5e7fda-e8bf-4a96-9a85-a6e23a8c635c,.NET 9.0,False,True,False,True,Default,Default,False,False,False,Default,Default,Default,Default,Default,Default,Default,Default,Default,Default,Default,Default,Default,Default,Default,Default,Throughput,16,Default,50,Medium,FileSystem,8,"72,417.65 μs","1,404.363 μs","2,267.785 μs",100.1429,0.0000,1142.8571,1142.8571,1142.8571,25462.87 KB
'GetAll Operation',Job-NEEKXC,False,Default,Default,Default,Default,Default,Default,111111111111111111111111111111111111111111111111,Empty,RyuJit,Default,X64,8c5e7fda-e8bf-4a96-9a85-a6e23a8c635c,.NET 9.0,False,True,False,True,Default,Default,False,False,False,Default,Default,Default,Default,Default,Default,Default,Default,Default,Default,Default,Default,Default,Default,Default,Default,Throughput,16,Default,50,Medium,FileSystem,8,"103,441.85 μs","2,049.660 μs","2,517.167 μs",199.8000,0.0000,3600.0000,3400.0000,3400.0000,75682.9 KB
'Sequential Write Operations',Job-KVSPPI,False,Default,Default,Default,Default,Default,Default,111111111111111111111111111111111111111111111111,Empty,RyuJit,Default,X64,8c5e7fda-e8bf-4a96-9a85-a6e23a8c635c,.NET 9.0,False,True,False,True,Default,Default,False,False,False,Default,Default,Default,Default,Default,Default,Default,Default,5,Default,1,Default,Default,Default,Default,Default,Throughput,16,3,50,Medium,Esent,8,"559,543.94 μs","271,479.477 μs","70,502.358 μs",50.0000,0.0000,0.0000,0.0000,0.0000,25386 KB
'Sequential Read Operations',Job-KVSPPI,False,Default,Default,Default,Default,Default,Default,111111111111111111111111111111111111111111111111,Empty,RyuJit,Default,X64,8c5e7fda-e8bf-4a96-9a85-a6e23a8c635c,.NET 9.0,False,True,False,True,Default,Default,False,False,False,Default,Default,Default,Default,Default,Default,Default,Default,5,Default,1,Default,Default,Default,Default,Default,Throughput,16,3,50,Medium,Esent,8,"566,420.42 μs","145,570.705 μs","37,804.250 μs",100.0000,0.0000,4000.0000,4000.0000,4000.0000,75523.82 KB
"'Mixed Operations (70% Read, 20% Write, 10% Delete)'",Job-KVSPPI,False,Default,Default,Default,Default,Default,Default,111111111111111111111111111111111111111111111111,Empty,RyuJit,Default,X64,8c5e7fda-e8bf-4a96-9a85-a6e23a8c635c,.NET 9.0,False,True,False,True,Default,Default,False,False,False,Default,Default,Default,Default,Default,Default,Default,Default,5,Default,1,Default,Default,Default,Default,Default,Throughput,16,3,50,Medium,Esent,8,"440,465.02 μs","134,307.515 μs","34,879.235 μs",75.0000,0.0000,2000.0000,2000.0000,2000.0000,55390.39 KB
'Batch Operations',Job-KVSPPI,False,Default,Default,Default,Default,Default,Default,111111111111111111111111111111111111111111111111,Empty,RyuJit,Default,X64,8c5e7fda-e8bf-4a96-9a85-a6e23a8c635c,.NET 9.0,False,True,False,True,Default,Default,False,False,False,Default,Default,Default,Default,Default,Default,Default,Default,5,Default,1,Default,Default,Default,Default,Default,Throughput,16,3,50,Medium,Esent,8,"573,823.50 μs","208,740.819 μs","54,209.328 μs",99.0000,0.0000,0.0000,0.0000,0.0000,25391.63 KB
'GetAll Operation',Job-KVSPPI,False,Default,Default,Default,Default,Default,Default,111111111111111111111111111111111111111111111111,Empty,RyuJit,Default,X64,8c5e7fda-e8bf-4a96-9a85-a6e23a8c635c,.NET 9.0,False,True,False,True,Default,Default,False,False,False,Default,Default,Default,Default,Default,Default,Default,Default,5,Default,1,Default,Default,Default,Default,Default,Throughput,16,3,50,Medium,Esent,8,"562,218.70 μs","194,955.232 μs","50,629.255 μs",51.0000,0.0000,2000.0000,2000.0000,2000.0000,75479.48 KB
'Sequential Write Operations',Job-NEEKXC,False,Default,Default,Default,Default,Default,Default,111111111111111111111111111111111111111111111111,Empty,RyuJit,Default,X64,8c5e7fda-e8bf-4a96-9a85-a6e23a8c635c,.NET 9.0,False,True,False,True,Default,Default,False,False,False,Default,Default,Default,Default,Default,Default,Default,Default,Default,Default,Default,Default,Default,Default,Default,Default,Throughput,16,Default,50,Medium,Esent,8,"493,525.50 μs","11,430.917 μs","33,344.523 μs",50.0000,0.0000,0.0000,0.0000,0.0000,25386 KB
'Sequential Read Operations',Job-NEEKXC,False,Default,Default,Default,Default,Default,Default,111111111111111111111111111111111111111111111111,Empty,RyuJit,Default,X64,8c5e7fda-e8bf-4a96-9a85-a6e23a8c635c,.NET 9.0,False,True,False,True,Default,Default,False,False,False,Default,Default,Default,Default,Default,Default,Default,Default,Default,Default,Default,Default,Default,Default,Default,Default,Throughput,16,Default,50,Medium,Esent,8,"511,473.22 μs","13,189.415 μs","38,889.291 μs",100.0000,0.0000,4000.0000,4000.0000,4000.0000,75510.79 KB
"'Mixed Operations (70% Read, 20% Write, 10% Delete)'",Job-NEEKXC,False,Default,Default,Default,Default,Default,Default,111111111111111111111111111111111111111111111111,Empty,RyuJit,Default,X64,8c5e7fda-e8bf-4a96-9a85-a6e23a8c635c,.NET 9.0,False,True,False,True,Default,Default,False,False,False,Default,Default,Default,Default,Default,Default,Default,Default,Default,Default,Default,Default,Default,Default,Default,Default,Throughput,16,Default,50,Medium,Esent,8,"370,970.10 μs","8,757.630 μs","25,684.615 μs",75.0000,0.0000,2000.0000,2000.0000,2000.0000,55390.36 KB
'Batch Operations',Job-NEEKXC,False,Default,Default,Default,Default,Default,Default,111111111111111111111111111111111111111111111111,Empty,RyuJit,Default,X64,8c5e7fda-e8bf-4a96-9a85-a6e23a8c635c,.NET 9.0,False,True,False,True,Default,Default,False,False,False,Default,Default,Default,Default,Default,Default,Default,Default,Default,Default,Default,Default,Default,Default,Default,Default,Throughput,16,Default,50,Medium,Esent,8,"493,907.07 μs","9,706.245 μs","15,395.134 μs",99.0000,0.0000,0.0000,0.0000,0.0000,25391.3 KB
'GetAll Operation',Job-NEEKXC,False,Default,Default,Default,Default,Default,Default,111111111111111111111111111111111111111111111111,Empty,RyuJit,Default,X64,8c5e7fda-e8bf-4a96-9a85-a6e23a8c635c,.NET 9.0,False,True,False,True,Default,Default,False,False,False,Default,Default,Default,Default,Default,Default,Default,Default,Default,Default,Default,Default,Default,Default,Default,Default,Throughput,16,Default,50,Medium,Esent,8,"487,849.30 μs","12,291.393 μs","35,854.572 μs",51.0000,0.0000,2000.0000,2000.0000,2000.0000,75479.16 KB
'Sequential Write Operations',Job-KVSPPI,False,Default,Default,Default,Default,Default,Default,111111111111111111111111111111111111111111111111,Empty,RyuJit,Default,X64,8c5e7fda-e8bf-4a96-9a85-a6e23a8c635c,.NET 9.0,False,True,False,True,Default,Default,False,False,False,Default,Default,Default,Default,Default,Default,Default,Default,5,Default,1,Default,Default,Default,Default,Default,Throughput,16,3,50,Medium,ClusterRegistry,8,"9,931.45 μs",316.466 μs,48.973 μs,0.0000,0.0000,2671.8750,2656.2500,2656.2500,25433.22 KB
'Sequential Read Operations',Job-KVSPPI,False,Default,Default,Default,Default,Default,Default,111111111111111111111111111111111111111111111111,Empty,RyuJit,Default,X64,8c5e7fda-e8bf-4a96-9a85-a6e23a8c635c,.NET 9.0,False,True,False,True,Default,Default,False,False,False,Default,Default,Default,Default,Default,Default,Default,Default,5,Default,1,Default,Default,Default,Default,Default,Throughput,16,3,50,Medium,ClusterRegistry,8,"27,851.78 μs","1,824.720 μs",473.874 μs,0.0000,0.0000,7437.5000,7218.7500,7218.7500,75616.03 KB
"'Mixed Operations (70% Read, 20% Write, 10% Delete)'",Job-KVSPPI,False,Default,Default,Default,Default,Default,Default,111111111111111111111111111111111111111111111111,Empty,RyuJit,Default,X64,8c5e7fda-e8bf-4a96-9a85-a6e23a8c635c,.NET 9.0,False,True,False,True,Default,Default,False,False,False,Default,Default,Default,Default,Default,Default,Default,Default,5,Default,1,Default,Default,Default,Default,Default,Throughput,16,3,50,Medium,ClusterRegistry,8,"20,078.85 μs","1,451.362 μs",224.600 μs,0.0000,0.0000,4718.7500,4562.5000,4562.5000,55461.49 KB
'Batch Operations',Job-KVSPPI,False,Default,Default,Default,Default,Default,Default,111111111111111111111111111111111111111111111111,Empty,RyuJit,Default,X64,8c5e7fda-e8bf-4a96-9a85-a6e23a8c635c,.NET 9.0,False,True,False,True,Default,Default,False,False,False,Default,Default,Default,Default,Default,Default,Default,Default,5,Default,1,Default,Default,Default,Default,Default,Throughput,16,3,50,Medium,ClusterRegistry,8,"10,168.67 μs",631.673 μs,164.044 μs,0.0000,0.0000,2656.2500,2640.6250,2640.6250,25434.63 KB
'GetAll Operation',Job-KVSPPI,False,Default,Default,Default,Default,Default,Default,111111111111111111111111111111111111111111111111,Empty,RyuJit,Default,X64,8c5e7fda-e8bf-4a96-9a85-a6e23a8c635c,.NET 9.0,False,True,False,True,Default,Default,False,False,False,Default,Default,Default,Default,Default,Default,Default,Default,5,Default,1,Default,Default,Default,Default,Default,Throughput,16,3,50,Medium,ClusterRegistry,8,"39,075.88 μs","5,502.142 μs","1,428.889 μs",0.0000,0.0000,3384.6154,3230.7692,3230.7692,75521.37 KB
'Sequential Write Operations',Job-NEEKXC,False,Default,Default,Default,Default,Default,Default,111111111111111111111111111111111111111111111111,Empty,RyuJit,Default,X64,8c5e7fda-e8bf-4a96-9a85-a6e23a8c635c,.NET 9.0,False,True,False,True,Default,Default,False,False,False,Default,Default,Default,Default,Default,Default,Default,Default,Default,Default,Default,Default,Default,Default,Default,Default,Throughput,16,Default,50,Medium,ClusterRegistry,8,"10,072.83 μs",165.520 μs,138.217 μs,0.0000,0.0000,2687.5000,2671.8750,2671.8750,25433.79 KB
'Sequential Read Operations',Job-NEEKXC,False,Default,Default,Default,Default,Default,Default,111111111111111111111111111111111111111111111111,Empty,RyuJit,Default,X64,8c5e7fda-e8bf-4a96-9a85-a6e23a8c635c,.NET 9.0,False,True,False,True,Default,Default,False,False,False,Default,Default,Default,Default,Default,Default,Default,Default,Default,Default,Default,Default,Default,Default,Default,Default,Throughput,16,Default,50,Medium,ClusterRegistry,8,"27,845.84 μs",530.265 μs,470.066 μs,0.0000,0.0000,7343.7500,7125.0000,7125.0000,75616.34 KB
"'Mixed Operations (70% Read, 20% Write, 10% Delete)'",Job-NEEKXC,False,Default,Default,Default,Default,Default,Default,111111111111111111111111111111111111111111111111,Empty,RyuJit,Default,X64,8c5e7fda-e8bf-4a96-9a85-a6e23a8c635c,.NET 9.0,False,True,False,True,Default,Default,False,False,False,Default,Default,Default,Default,Default,Default,Default,Default,Default,Default,Default,Default,Default,Default,Default,Default,Throughput,16,Default,50,Medium,ClusterRegistry,8,"20,331.06 μs",398.141 μs,595.919 μs,0.0000,0.0000,4656.2500,4500.0000,4500.0000,55460.67 KB
'Batch Operations',Job-NEEKXC,False,Default,Default,Default,Default,Default,Default,111111111111111111111111111111111111111111111111,Empty,RyuJit,Default,X64,8c5e7fda-e8bf-4a96-9a85-a6e23a8c635c,.NET 9.0,False,True,False,True,Default,Default,False,False,False,Default,Default,Default,Default,Default,Default,Default,Default,Default,Default,Default,Default,Default,Default,Default,Default,Throughput,16,Default,50,Medium,ClusterRegistry,8,"10,231.82 μs",202.087 μs,314.625 μs,0.0000,0.0000,2687.5000,2671.8750,2671.8750,25434.67 KB
'GetAll Operation',Job-NEEKXC,False,Default,Default,Default,Default,Default,Default,111111111111111111111111111111111111111111111111,Empty,RyuJit,Default,X64,8c5e7fda-e8bf-4a96-9a85-a6e23a8c635c,.NET 9.0,False,True,False,True,Default,Default,False,False,False,Default,Default,Default,Default,Default,Default,Default,Default,Default,Default,Default,Default,Default,Default,Default,Default,Throughput,16,Default,50,Medium,ClusterRegistry,8,"38,927.37 μs",777.526 μs,831.944 μs,0.0000,0.0000,4230.7692,4076.9231,4076.9231,75525.58 KB
'Sequential Write Operations',Job-KVSPPI,False,Default,Default,Default,Default,Default,Default,111111111111111111111111111111111111111111111111,Empty,RyuJit,Default,X64,8c5e7fda-e8bf-4a96-9a85-a6e23a8c635c,.NET 9.0,False,True,False,True,Default,Default,False,False,False,Default,Default,Default,Default,Default,Default,Default,Default,5,Default,1,Default,Default,Default,Default,Default,Throughput,16,3,50,Large,InMemory,8,173.66 μs,1.595 μs,0.247 μs,0.0000,0.0000,0.2441,0.0000,0.0000,8.59 KB
'Sequential Read Operations',Job-KVSPPI,False,Default,Default,Default,Default,Default,Default,111111111111111111111111111111111111111111111111,Empty,RyuJit,Default,X64,8c5e7fda-e8bf-4a96-9a85-a6e23a8c635c,.NET 9.0,False,True,False,True,Default,Default,False,False,False,Default,Default,Default,Default,Default,Default,Default,Default,5,Default,1,Default,Default,Default,Default,Default,Throughput,16,3,50,Large,InMemory,8,177.04 μs,0.995 μs,0.154 μs,0.0000,0.0000,0.2441,0.0000,0.0000,12.11 KB
"'Mixed Operations (70% Read, 20% Write, 10% Delete)'",Job-KVSPPI,False,Default,Default,Default,Default,Default,Default,111111111111111111111111111111111111111111111111,Empty,RyuJit,Default,X64,8c5e7fda-e8bf-4a96-9a85-a6e23a8c635c,.NET 9.0,False,True,False,True,Default,Default,False,False,False,Default,Default,Default,Default,Default,Default,Default,Default,5,Default,1,Default,Default,Default,Default,Default,Throughput,16,3,50,Large,InMemory,8,73.43 μs,0.683 μs,0.177 μs,0.0000,0.0000,0.2441,0.0000,0.0000,9.44 KB
'Batch Operations',Job-KVSPPI,False,Default,Default,Default,Default,Default,Default,111111111111111111111111111111111111111111111111,Empty,RyuJit,Default,X64,8c5e7fda-e8bf-4a96-9a85-a6e23a8c635c,.NET 9.0,False,True,False,True,Default,Default,False,False,False,Default,Default,Default,Default,Default,Default,Default,Default,5,Default,1,Default,Default,Default,Default,Default,Throughput,16,3,50,Large,InMemory,8,175.30 μs,2.166 μs,0.563 μs,0.0000,0.0000,0.2441,0.0000,0.0000,9.75 KB
'GetAll Operation',Job-KVSPPI,False,Default,Default,Default,Default,Default,Default,111111111111111111111111111111111111111111111111,Empty,RyuJit,Default,X64,8c5e7fda-e8bf-4a96-9a85-a6e23a8c635c,.NET 9.0,False,True,False,True,Default,Default,False,False,False,Default,Default,Default,Default,Default,Default,Default,Default,5,Default,1,Default,Default,Default,Default,Default,Throughput,16,3,50,Large,InMemory,8,178.99 μs,1.493 μs,0.231 μs,0.0000,0.0000,0.2441,0.0000,0.0000,9.76 KB
'Sequential Write Operations',Job-NEEKXC,False,Default,Default,Default,Default,Default,Default,111111111111111111111111111111111111111111111111,Empty,RyuJit,Default,X64,8c5e7fda-e8bf-4a96-9a85-a6e23a8c635c,.NET 9.0,False,True,False,True,Default,Default,False,False,False,Default,Default,Default,Default,Default,Default,Default,Default,Default,Default,Default,Default,Default,Default,Default,Default,Throughput,16,Default,50,Large,InMemory,8,173.76 μs,0.339 μs,0.300 μs,0.0000,0.0000,0.2441,0.0000,0.0000,8.59 KB
'Sequential Read Operations',Job-NEEKXC,False,Default,Default,Default,Default,Default,Default,111111111111111111111111111111111111111111111111,Empty,RyuJit,Default,X64,8c5e7fda-e8bf-4a96-9a85-a6e23a8c635c,.NET 9.0,False,True,False,True,Default,Default,False,False,False,Default,Default,Default,Default,Default,Default,Default,Default,Default,Default,Default,Default,Default,Default,Default,Default,Throughput,16,Default,50,Large,InMemory,8,177.82 μs,0.525 μs,0.466 μs,0.0000,0.0000,0.2441,0.0000,0.0000,12.11 KB
"'Mixed Operations (70% Read, 20% Write, 10% Delete)'",Job-NEEKXC,False,Default,Default,Default,Default,Default,Default,111111111111111111111111111111111111111111111111,Empty,RyuJit,Default,X64,8c5e7fda-e8bf-4a96-9a85-a6e23a8c635c,.NET 9.0,False,True,False,True,Default,Default,False,False,False,Default,Default,Default,Default,Default,Default,Default,Default,Default,Default,Default,Default,Default,Default,Default,Default,Throughput,16,Default,50,Large,InMemory,8,73.46 μs,0.185 μs,0.155 μs,0.0000,0.0000,0.2441,0.0000,0.0000,9.44 KB
'Batch Operations',Job-NEEKXC,False,Default,Default,Default,Default,Default,Default,111111111111111111111111111111111111111111111111,Empty,RyuJit,Default,X64,8c5e7fda-e8bf-4a96-9a85-a6e23a8c635c,.NET 9.0,False,True,False,True,Default,Default,False,False,False,Default,Default,Default,Default,Default,Default,Default,Default,Default,Default,Default,Default,Default,Default,Default,Default,Throughput,16,Default,50,Large,InMemory,8,173.70 μs,0.388 μs,0.303 μs,0.0000,0.0000,0.2441,0.0000,0.0000,9.75 KB
'GetAll Operation',Job-NEEKXC,False,Default,Default,Default,Default,Default,Default,111111111111111111111111111111111111111111111111,Empty,RyuJit,Default,X64,8c5e7fda-e8bf-4a96-9a85-a6e23a8c635c,.NET 9.0,False,True,False,True,Default,Default,False,False,False,Default,Default,Default,Default,Default,Default,Default,Default,Default,Default,Default,Default,Default,Default,Default,Default,Throughput,16,Default,50,Large,InMemory,8,179.40 μs,0.399 μs,0.373 μs,0.0000,0.0000,0.2441,0.0000,0.0000,9.76 KB
'Sequential Write Operations',Job-KVSPPI,False,Default,Default,Default,Default,Default,Default,111111111111111111111111111111111111111111111111,Empty,RyuJit,Default,X64,8c5e7fda-e8bf-4a96-9a85-a6e23a8c635c,.NET 9.0,False,True,False,True,Default,Default,False,False,False,Default,Default,Default,Default,Default,Default,Default,Default,5,Default,1,Default,Default,Default,Default,Default,Throughput,16,3,50,Large,FileSystem,8,"649,584.38 μs","14,756.533 μs","3,832.225 μs",100.0000,0.0000,0.0000,0.0000,0.0000,1221742.13 KB
'Sequential Read Operations',Job-KVSPPI,False,Default,Default,Default,Default,Default,Default,111111111111111111111111111111111111111111111111,Empty,RyuJit,Default,X64,8c5e7fda-e8bf-4a96-9a85-a6e23a8c635c,.NET 9.0,False,True,False,True,Default,Default,False,False,False,Default,Default,Default,Default,Default,Default,Default,Default,5,Default,1,Default,Default,Default,Default,Default,Throughput,16,3,50,Large,FileSystem,8,"1,629,129.15 μs","12,436.429 μs","1,924.551 μs",200.0000,0.0000,4000.0000,4000.0000,4000.0000,4081005.26 KB
"'Mixed Operations (70% Read, 20% Write, 10% Delete)'",Job-KVSPPI,False,Default,Default,Default,Default,Default,Default,111111111111111111111111111111111111111111111111,Empty,RyuJit,Default,X64,8c5e7fda-e8bf-4a96-9a85-a6e23a8c635c,.NET 9.0,False,True,False,True,Default,Default,False,False,False,Default,Default,Default,Default,Default,Default,Default,Default,5,Default,1,Default,Default,Default,Default,Default,Throughput,16,3,50,Large,FileSystem,8,"1,172,191.48 μs","49,197.226 μs","12,776.363 μs",148.0000,0.0000,2000.0000,2000.0000,2000.0000,2987192.25 KB
'Batch Operations',Job-KVSPPI,False,Default,Default,Default,Default,Default,Default,111111111111111111111111111111111111111111111111,Empty,RyuJit,Default,X64,8c5e7fda-e8bf-4a96-9a85-a6e23a8c635c,.NET 9.0,False,True,False,True,Default,Default,False,False,False,Default,Default,Default,Default,Default,Default,Default,Default,5,Default,1,Default,Default,Default,Default,Default,Throughput,16,3,50,Large,FileSystem,8,"580,092.86 μs","13,261.956 μs","3,444.088 μs",100.0000,0.0000,0.0000,0.0000,0.0000,1221743.9 KB
'GetAll Operation',Job-KVSPPI,False,Default,Default,Default,Default,Default,Default,111111111111111111111111111111111111111111111111,Empty,RyuJit,Default,X64,8c5e7fda-e8bf-4a96-9a85-a6e23a8c635c,.NET 9.0,False,True,False,True,Default,Default,False,False,False,Default,Default,Default,Default,Default,Default,Default,Default,5,Default,1,Default,Default,Default,Default,Default,Throughput,16,3,50,Large,FileSystem,8,"888,400.18 μs","49,421.161 μs","7,647.979 μs",200.0000,0.0000,2000.0000,2000.0000,2000.0000,4081076.58 KB
'Sequential Write Operations',Job-NEEKXC,False,Default,Default,Default,Default,Default,Default,111111111111111111111111111111111111111111111111,Empty,RyuJit,Default,X64,8c5e7fda-e8bf-4a96-9a85-a6e23a8c635c,.NET 9.0,False,True,False,True,Default,Default,False,False,False,Default,Default,Default,Default,Default,Default,Default,Default,Default,Default,Default,Default,Default,Default,Default,Default,Throughput,16,Default,50,Large,FileSystem,8,"653,968.55 μs","8,220.487 μs","7,689.449 μs",100.0000,0.0000,0.0000,0.0000,0.0000,1221742.74 KB
'Sequential Read Operations',Job-NEEKXC,False,Default,Default,Default,Default,Default,Default,111111111111111111111111111111111111111111111111,Empty,RyuJit,Default,X64,8c5e7fda-e8bf-4a96-9a85-a6e23a8c635c,.NET 9.0,False,True,False,True,Default,Default,False,False,False,Default,Default,Default,Default,Default,Default,Default,Default,Default,Default,Default,Default,Default,Default,Default,Default,Throughput,16,Default,50,Large,FileSystem,8,"1,623,352.59 μs","10,495.516 μs","9,817.512 μs",200.0000,0.0000,4000.0000,4000.0000,4000.0000,4081004.98 KB
"'Mixed Operations (70% Read, 20% Write, 10% Delete)'",Job-NEEKXC,False,Default,Default,Default,Default,Default,Default,111111111111111111111111111111111111111111111111,Empty,RyuJit,Default,X64,8c5e7fda-e8bf-4a96-9a85-a6e23a8c635c,.NET 9.0,False,True,False,True,Default,Default,False,False,False,Default,Default,Default,Default,Default,Default,Default,Default,Default,Default,Default,Default,Default,Default,Default,Default,Throughput,16,Default,50,Large,FileSystem,8,"1,162,646.93 μs","7,800.550 μs","7,296.639 μs",148.0000,0.0000,2000.0000,2000.0000,2000.0000,2987192.53 KB
'Batch Operations',Job-NEEKXC,False,Default,Default,Default,Default,Default,Default,111111111111111111111111111111111111111111111111,Empty,RyuJit,Default,X64,8c5e7fda-e8bf-4a96-9a85-a6e23a8c635c,.NET 9.0,False,True,False,True,Default,Default,False,False,False,Default,Default,Default,Default,Default,Default,Default,Default,Default,Default,Default,Default,Default,Default,Default,Default,Throughput,16,Default,50,Large,FileSystem,8,"579,632.28 μs","4,233.907 μs","3,960.399 μs",100.0000,0.0000,0.0000,0.0000,0.0000,1221743.59 KB
'GetAll Operation',Job-NEEKXC,False,Default,Default,Default,Default,Default,Default,111111111111111111111111111111111111111111111111,Empty,RyuJit,Default,X64,8c5e7fda-e8bf-4a96-9a85-a6e23a8c635c,.NET 9.0,False,True,False,True,Default,Default,False,False,False,Default,Default,Default,Default,Default,Default,Default,Default,Default,Default,Default,Default,Default,Default,Default,Default,Throughput,16,Default,50,Large,FileSystem,8,"894,551.30 μs","9,572.686 μs","8,954.296 μs",200.0000,0.0000,2000.0000,2000.0000,2000.0000,4081045.48 KB
'Sequential Write Operations',Job-KVSPPI,False,Default,Default,Default,Default,Default,Default,111111111111111111111111111111111111111111111111,Empty,RyuJit,Default,X64,8c5e7fda-e8bf-4a96-9a85-a6e23a8c635c,.NET 9.0,False,True,False,True,Default,Default,False,False,False,Default,Default,Default,Default,Default,Default,Default,Default,5,Default,1,Default,Default,Default,Default,Default,Throughput,16,3,50,Large,Esent,8,"25,209,049.52 μs","956,968.819 μs","248,521.764 μs",50.0000,0.0000,0.0000,0.0000,0.0000,1221675.63 KB
'Sequential Read Operations',Job-KVSPPI,False,Default,Default,Default,Default,Default,Default,111111111111111111111111111111111111111111111111,Empty,RyuJit,Default,X64,8c5e7fda-e8bf-4a96-9a85-a6e23a8c635c,.NET 9.0,False,True,False,True,Default,Default,False,False,False,Default,Default,Default,Default,Default,Default,Default,Default,5,Default,1,Default,Default,Default,Default,Default,Throughput,16,3,50,Large,Esent,8,"24,333,132.98 μs","669,048.843 μs","103,536.049 μs",100.0000,0.0000,4000.0000,4000.0000,4000.0000,4080896 KB
"'Mixed Operations (70% Read, 20% Write, 10% Delete)'",Job-KVSPPI,False,Default,Default,Default,Default,Default,Default,111111111111111111111111111111111111111111111111,Empty,RyuJit,Default,X64,8c5e7fda-e8bf-4a96-9a85-a6e23a8c635c,.NET 9.0,False,True,False,True,Default,Default,False,False,False,Default,Default,Default,Default,Default,Default,Default,Default,5,Default,1,Default,Default,Default,Default,Default,Throughput,16,3,50,Large,Esent,8,"20,155,994.52 μs","2,622,384.049 μs","681,024.811 μs",75.0000,0.0000,2000.0000,2000.0000,2000.0000,2987111.66 KB
'Batch Operations',Job-KVSPPI,False,Default,Default,Default,Default,Default,Default,111111111111111111111111111111111111111111111111,Empty,RyuJit,Default,X64,8c5e7fda-e8bf-4a96-9a85-a6e23a8c635c,.NET 9.0,False,True,False,True,Default,Default,False,False,False,Default,Default,Default,Default,Default,Default,Default,Default,5,Default,1,Default,Default,Default,Default,Default,Throughput,16,3,50,Large,Esent,8,"25,125,125.46 μs","1,107,000.039 μs","287,484.395 μs",99.0000,0.0000,0.0000,0.0000,0.0000,1221680.97 KB
'GetAll Operation',Job-KVSPPI,False,Default,Default,Default,Default,Default,Default,111111111111111111111111111111111111111111111111,Empty,RyuJit,Default,X64,8c5e7fda-e8bf-4a96-9a85-a6e23a8c635c,.NET 9.0,False,True,False,True,Default,Default,False,False,False,Default,Default,Default,Default,Default,Default,Default,Default,5,Default,1,Default,Default,Default,Default,Default,Throughput,16,3,50,Large,Esent,8,"24,053,128.00 μs","64,823.295 μs","16,834.404 μs",51.0000,0.0000,2000.0000,2000.0000,2000.0000,4080857.39 KB
'Sequential Write Operations',Job-NEEKXC,False,Default,Default,Default,Default,Default,Default,111111111111111111111111111111111111111111111111,Empty,RyuJit,Default,X64,8c5e7fda-e8bf-4a96-9a85-a6e23a8c635c,.NET 9.0,False,True,False,True,Default,Default,False,False,False,Default,Default,Default,Default,Default,Default,Default,Default,Default,Default,Default,Default,Default,Default,Default,Default,Throughput,16,Default,50,Large,Esent,8,"29,446,898.12 μs","754,966.974 μs","2,129,397.900 μs",50.0000,0.0000,0.0000,0.0000,0.0000,1221675.63 KB
'Sequential Read Operations',Job-NEEKXC,False,Default,Default,Default,Default,Default,Default,111111111111111111111111111111111111111111111111,Empty,RyuJit,Default,X64,8c5e7fda-e8bf-4a96-9a85-a6e23a8c635c,.NET 9.0,False,True,False,True,Default,Default,False,False,False,Default,Default,Default,Default,Default,Default,Default,Default,Default,Default,Default,Default,Default,Default,Default,Default,Throughput,16,Default,50,Large,Esent,8,"29,109,973.01 μs","827,095.375 μs","2,438,709.552 μs",100.0000,0.0000,4000.0000,4000.0000,4000.0000,4080896.61 KB
"'Mixed Operations (70% Read, 20% Write, 10% Delete)'",Job-NEEKXC,False,Default,Default,Default,Default,Default,Default,111111111111111111111111111111111111111111111111,Empty,RyuJit,Default,X64,8c5e7fda-e8bf-4a96-9a85-a6e23a8c635c,.NET 9.0,False,True,False,True,Default,Default,False,False,False,Default,Default,Default,Default,Default,Default,Default,Default,Default,Default,Default,Default,Default,Default,Default,Default,Throughput,16,Default,50,Large,Esent,8,"26,305,989.41 μs","521,592.399 μs","953,761.270 μs",75.0000,0.0000,2000.0000,2000.0000,2000.0000,2987112.95 KB
'Batch Operations',Job-NEEKXC,False,Default,Default,Default,Default,Default,Default,111111111111111111111111111111111111111111111111,Empty,RyuJit,Default,X64,8c5e7fda-e8bf-4a96-9a85-a6e23a8c635c,.NET 9.0,False,True,False,True,Default,Default,False,False,False,Default,Default,Default,Default,Default,Default,Default,Default,Default,Default,Default,Default,Default,Default,Default,Default,Throughput,16,Default,50,Large,Esent,8,"29,536,037.41 μs","693,021.493 μs","2,043,389.656 μs",99.0000,0.0000,0.0000,0.0000,0.0000,1221681.02 KB
'GetAll Operation',Job-NEEKXC,False,Default,Default,Default,Default,Default,Default,111111111111111111111111111111111111111111111111,Empty,RyuJit,Default,X64,8c5e7fda-e8bf-4a96-9a85-a6e23a8c635c,.NET 9.0,False,True,False,True,Default,Default,False,False,False,Default,Default,Default,Default,Default,Default,Default,Default,Default,Default,Default,Default,Default,Default,Default,Default,Throughput,16,Default,50,Large,Esent,8,"29,167,304.80 μs","790,919.652 μs","2,332,044.609 μs",51.0000,0.0000,2000.0000,2000.0000,2000.0000,4080857.06 KB
'Sequential Write Operations',Job-KVSPPI,False,Default,Default,Default,Default,Default,Default,111111111111111111111111111111111111111111111111,Empty,RyuJit,Default,X64,8c5e7fda-e8bf-4a96-9a85-a6e23a8c635c,.NET 9.0,False,True,False,True,Default,Default,False,False,False,Default,Default,Default,Default,Default,Default,Default,Default,5,Default,1,Default,Default,Default,Default,Default,Throughput,16,3,50,Large,ClusterRegistry,8,"580,333.50 μs","20,977.583 μs","5,447.812 μs",0.0000,0.0000,0.0000,0.0000,0.0000,1221706.47 KB
'Sequential Read Operations',Job-KVSPPI,False,Default,Default,Default,Default,Default,Default,111111111111111111111111111111111111111111111111,Empty,RyuJit,Default,X64,8c5e7fda-e8bf-4a96-9a85-a6e23a8c635c,.NET 9.0,False,True,False,True,Default,Default,False,False,False,Default,Default,Default,Default,Default,Default,Default,Default,5,Default,1,Default,Default,Default,Default,Default,Throughput,16,3,50,Large,ClusterRegistry,8,"1,753,709.68 μs","61,476.140 μs","9,513.501 μs",0.0000,0.0000,4000.0000,4000.0000,4000.0000,4080972.23 KB
"'Mixed Operations (70% Read, 20% Write, 10% Delete)'",Job-KVSPPI,False,Default,Default,Default,Default,Default,Default,111111111111111111111111111111111111111111111111,Empty,RyuJit,Default,X64,8c5e7fda-e8bf-4a96-9a85-a6e23a8c635c,.NET 9.0,False,True,False,True,Default,Default,False,False,False,Default,Default,Default,Default,Default,Default,Default,Default,5,Default,1,Default,Default,Default,Default,Default,Throughput,16,3,50,Large,ClusterRegistry,8,"1,309,856.55 μs","25,974.667 μs","4,019.609 μs",0.0000,0.0000,2000.0000,2000.0000,2000.0000,2987168.52 KB
'Batch Operations',Job-KVSPPI,False,Default,Default,Default,Default,Default,Default,111111111111111111111111111111111111111111111111,Empty,RyuJit,Default,X64,8c5e7fda-e8bf-4a96-9a85-a6e23a8c635c,.NET 9.0,False,True,False,True,Default,Default,False,False,False,Default,Default,Default,Default,Default,Default,Default,Default,5,Default,1,Default,Default,Default,Default,Default,Throughput,16,3,50,Large,ClusterRegistry,8,"580,639.72 μs","22,849.882 μs","3,536.045 μs",0.0000,0.0000,0.0000,0.0000,0.0000,1221707.63 KB
'GetAll Operation',Job-KVSPPI,False,Default,Default,Default,Default,Default,Default,111111111111111111111111111111111111111111111111,Empty,RyuJit,Default,X64,8c5e7fda-e8bf-4a96-9a85-a6e23a8c635c,.NET 9.0,False,True,False,True,Default,Default,False,False,False,Default,Default,Default,Default,Default,Default,Default,Default,5,Default,1,Default,Default,Default,Default,Default,Throughput,16,3,50,Large,ClusterRegistry,8,"1,961,862.55 μs","63,629.098 μs","9,846.673 μs",0.0000,0.0000,2000.0000,2000.0000,2000.0000,4080892.31 KB
'Sequential Write Operations',Job-NEEKXC,False,Default,Default,Default,Default,Default,Default,111111111111111111111111111111111111111111111111,Empty,RyuJit,Default,X64,8c5e7fda-e8bf-4a96-9a85-a6e23a8c635c,.NET 9.0,False,True,False,True,Default,Default,False,False,False,Default,Default,Default,Default,Default,Default,Default,Default,Default,Default,Default,Default,Default,Default,Default,Default,Throughput,16,Default,50,Large,ClusterRegistry,8,"585,941.70 μs","3,784.475 μs","3,354.839 μs",0.0000,0.0000,0.0000,0.0000,0.0000,1221706.47 KB
'Sequential Read Operations',Job-NEEKXC,False,Default,Default,Default,Default,Default,Default,111111111111111111111111111111111111111111111111,Empty,RyuJit,Default,X64,8c5e7fda-e8bf-4a96-9a85-a6e23a8c635c,.NET 9.0,False,True,False,True,Default,Default,False,False,False,Default,Default,Default,Default,Default,Default,Default,Default,Default,Default,Default,Default,Default,Default,Default,Default,Throughput,16,Default,50,Large,ClusterRegistry,8,"1,756,821.00 μs","15,522.336 μs","14,519.602 μs",0.0000,0.0000,4000.0000,4000.0000,4000.0000,4080972.23 KB
"'Mixed Operations (70% Read, 20% Write, 10% Delete)'",Job-NEEKXC,False,Default,Default,Default,Default,Default,Default,111111111111111111111111111111111111111111111111,Empty,RyuJit,Default,X64,8c5e7fda-e8bf-4a96-9a85-a6e23a8c635c,.NET 9.0,False,True,False,True,Default,Default,False,False,False,Default,Default,Default,Default,Default,Default,Default,Default,Default,Default,Default,Default,Default,Default,Default,Default,Throughput,16,Default,50,Large,ClusterRegistry,8,"1,322,167.49 μs","14,913.038 μs","13,220.020 μs",0.0000,0.0000,2000.0000,2000.0000,2000.0000,2987168.52 KB
'Batch Operations',Job-NEEKXC,False,Default,Default,Default,Default,Default,Default,111111111111111111111111111111111111111111111111,Empty,RyuJit,Default,X64,8c5e7fda-e8bf-4a96-9a85-a6e23a8c635c,.NET 9.0,False,True,False,True,Default,Default,False,False,False,Default,Default,Default,Default,Default,Default,Default,Default,Default,Default,Default,Default,Default,Default,Default,Default,Throughput,16,Default,50,Large,ClusterRegistry,8,"690,253.57 μs","5,648.214 μs","5,006.994 μs",0.0000,0.0000,0.0000,0.0000,0.0000,1221707.63 KB
'GetAll Operation',Job-NEEKXC,False,Default,Default,Default,Default,Default,Default,111111111111111111111111111111111111111111111111,Empty,RyuJit,Default,X64,8c5e7fda-e8bf-4a96-9a85-a6e23a8c635c,.NET 9.0,False,True,False,True,Default,Default,False,False,False,Default,Default,Default,Default,Default,Default,Default,Default,Default,Default,Default,Default,Default,Default,Default,Default,Throughput,16,Default,50,Large,ClusterRegistry,8,"2,308,367.54 μs","15,750.177 μs","13,962.122 μs",0.0000,0.0000,2000.0000,2000.0000,2000.0000,4080893.58 KB
