Method,Job,AnalyzeLaunchVariance,EvaluateOverhead,MaxAbsoluteError,MaxRelativeError,MinInvokeCount,MinIterationTime,OutlierMode,Affinity,EnvironmentVariables,Jit,LargeAddressAware,Platform,PowerPlanMode,Runtime,AllowVeryLargeObjects,Concurrent,CpuGroups,Force,HeapAffinitizeMask,HeapCount,NoAffinitize,RetainVm,Server,Arguments,BuildConfiguration,Clock,EngineFactory,NuGetReferences,Toolchain,IsMutator,InvocationCount,IterationCount,IterationTime,LaunchCount,MaxIterationCount,MaxWarmupIterationCount,MemoryRandomization,MinIterationCount,MinWarmupIterationCount,RunStrategy,UnrollFactor,WarmupCount,OperationCount,PayloadSize,ProviderType,ThreadCount,Mean,Error,StdDev,Median,Completed Work Items,Lock Contentions,Gen0,Gen1,Gen2,Allocated
'Concurrent Write Operations',Job-FGMWLZ,False,Default,Default,Default,Default,Default,Default,11111111111111111111111111111111,Empty,RyuJit,Default,X64,8c5e7fda-e8bf-4a96-9a85-a6e23a8c635c,.NET 9.0,False,True,False,True,Default,Default,False,False,False,Default,Default,Default,Default,Default,Default,Default,Default,3,Default,1,Default,Default,Default,Default,Default,Throughput,16,2,100,Large,FileSystem,4,"2,123,359.07 μs","31,104,399.624 μs","1,704,937.107 μs","2,378,189.70 μs",204.0000,0.0000,0.0000,0.0000,0.0000,2443756.74 KB
'Concurrent Read Operations',Job-FGMWLZ,False,Default,Default,Default,Default,Default,Default,11111111111111111111111111111111,Empty,RyuJit,Default,X64,8c5e7fda-e8bf-4a96-9a85-a6e23a8c635c,.NET 9.0,False,True,False,True,Default,Default,False,False,False,Default,Default,Default,Default,Default,Default,Default,Default,3,Default,1,Default,Default,Default,Default,Default,Throughput,16,2,100,Large,FileSystem,4,"8,884,596.17 μs","58,427,668.792 μs","3,202,617.695 μs","10,015,203.10 μs",403.0000,0.0000,3000.0000,3000.0000,3000.0000,8162422.02 KB
'Concurrent Mixed Operations',Job-FGMWLZ,False,Default,Default,Default,Default,Default,Default,11111111111111111111111111111111,Empty,RyuJit,Default,X64,8c5e7fda-e8bf-4a96-9a85-a6e23a8c635c,.NET 9.0,False,True,False,True,Default,Default,False,False,False,Default,Default,Default,Default,Default,Default,Default,Default,3,Default,1,Default,Default,Default,Default,Default,Throughput,16,2,100,Large,FileSystem,4,"5,354,032.83 μs","40,210,282.173 μs","2,204,061.258 μs","5,950,694.50 μs",290.0000,0.0000,2000.0000,2000.0000,2000.0000,5476159.77 KB
'Concurrent Write Operations',Job-BWWECQ,False,Default,Default,Default,Default,Default,Default,11111111111111111111111111111111,Empty,RyuJit,Default,X64,8c5e7fda-e8bf-4a96-9a85-a6e23a8c635c,.NET 9.0,False,True,False,True,Default,Default,False,False,False,Default,Default,Default,Default,Default,Default,Default,Default,Default,Default,Default,Default,Default,Default,Default,Default,Throughput,16,Default,100,Large,FileSystem,4,"532,689.84 μs","30,626.132 μs","86,881.244 μs","494,467.00 μs",202.0000,0.0000,0.0000,0.0000,0.0000,2443755.59 KB
'Concurrent Read Operations',Job-BWWECQ,False,Default,Default,Default,Default,Default,Default,11111111111111111111111111111111,Empty,RyuJit,Default,X64,8c5e7fda-e8bf-4a96-9a85-a6e23a8c635c,.NET 9.0,False,True,False,True,Default,Default,False,False,False,Default,Default,Default,Default,Default,Default,Default,Default,Default,Default,Default,Default,Default,Default,Default,Default,Throughput,16,Default,100,Large,FileSystem,4,"2,373,179.40 μs","185,431.913 μs","485,243.033 μs","2,332,224.45 μs",386.0000,0.0000,4000.0000,4000.0000,4000.0000,8162427.43 KB
'Concurrent Mixed Operations',Job-BWWECQ,False,Default,Default,Default,Default,Default,Default,11111111111111111111111111111111,Empty,RyuJit,Default,X64,8c5e7fda-e8bf-4a96-9a85-a6e23a8c635c,.NET 9.0,False,True,False,True,Default,Default,False,False,False,Default,Default,Default,Default,Default,Default,Default,Default,Default,Default,Default,Default,Default,Default,Default,Default,Throughput,16,Default,100,Large,FileSystem,4,NA,NA,NA,NA,NA,NA,NA,NA,NA,NA
'Concurrent Write Operations',Job-FGMWLZ,False,Default,Default,Default,Default,Default,Default,11111111111111111111111111111111,Empty,RyuJit,Default,X64,8c5e7fda-e8bf-4a96-9a85-a6e23a8c635c,.NET 9.0,False,True,False,True,Default,Default,False,False,False,Default,Default,Default,Default,Default,Default,Default,Default,3,Default,1,Default,Default,Default,Default,Default,Throughput,16,2,100,Large,InMemory,4,92.23 μs,10.574 μs,0.580 μs,92.34 μs,4.0000,0.4175,0.9766,0.0000,0.0000,18.44 KB
'Concurrent Read Operations',Job-FGMWLZ,False,Default,Default,Default,Default,Default,Default,11111111111111111111111111111111,Empty,RyuJit,Default,X64,8c5e7fda-e8bf-4a96-9a85-a6e23a8c635c,.NET 9.0,False,True,False,True,Default,Default,False,False,False,Default,Default,Default,Default,Default,Default,Default,Default,3,Default,1,Default,Default,Default,Default,Default,Throughput,16,2,100,Large,InMemory,4,276.07 μs,26.733 μs,1.465 μs,275.54 μs,4.0000,0.0166,0.9766,0.0000,0.0000,25.5 KB
'Concurrent Mixed Operations',Job-FGMWLZ,False,Default,Default,Default,Default,Default,Default,11111111111111111111111111111111,Empty,RyuJit,Default,X64,8c5e7fda-e8bf-4a96-9a85-a6e23a8c635c,.NET 9.0,False,True,False,True,Default,Default,False,False,False,Default,Default,Default,Default,Default,Default,Default,Default,3,Default,1,Default,Default,Default,Default,Default,Throughput,16,2,100,Large,InMemory,4,239.70 μs,12.468 μs,0.683 μs,239.45 μs,4.0000,1.4751,0.9766,0.0000,0.0000,20.95 KB
'Concurrent Write Operations',Job-BWWECQ,False,Default,Default,Default,Default,Default,Default,11111111111111111111111111111111,Empty,RyuJit,Default,X64,8c5e7fda-e8bf-4a96-9a85-a6e23a8c635c,.NET 9.0,False,True,False,True,Default,Default,False,False,False,Default,Default,Default,Default,Default,Default,Default,Default,Default,Default,Default,Default,Default,Default,Default,Default,Throughput,16,Default,100,Large,InMemory,4,474.12 μs,14.058 μs,40.109 μs,477.37 μs,4.0000,8.9395,0.9766,0.0000,0.0000,18.43 KB
'Concurrent Read Operations',Job-BWWECQ,False,Default,Default,Default,Default,Default,Default,11111111111111111111111111111111,Empty,RyuJit,Default,X64,8c5e7fda-e8bf-4a96-9a85-a6e23a8c635c,.NET 9.0,False,True,False,True,Default,Default,False,False,False,Default,Default,Default,Default,Default,Default,Default,Default,Default,Default,Default,Default,Default,Default,Default,Default,Throughput,16,Default,100,Large,InMemory,4,424.41 μs,11.672 μs,34.416 μs,432.51 μs,4.0000,0.0317,0.9766,0.0000,0.0000,25.46 KB
'Concurrent Mixed Operations',Job-BWWECQ,False,Default,Default,Default,Default,Default,Default,11111111111111111111111111111111,Empty,RyuJit,Default,X64,8c5e7fda-e8bf-4a96-9a85-a6e23a8c635c,.NET 9.0,False,True,False,True,Default,Default,False,False,False,Default,Default,Default,Default,Default,Default,Default,Default,Default,Default,Default,Default,Default,Default,Default,Default,Throughput,16,Default,100,Large,InMemory,4,408.58 μs,7.653 μs,7.516 μs,409.94 μs,4.0000,2.3020,0.9766,0.0000,0.0000,20.94 KB
'Concurrent Write Operations',Job-FGMWLZ,False,Default,Default,Default,Default,Default,Default,11111111111111111111111111111111,Empty,RyuJit,Default,X64,8c5e7fda-e8bf-4a96-9a85-a6e23a8c635c,.NET 9.0,False,True,False,True,Default,Default,False,False,False,Default,Default,Default,Default,Default,Default,Default,Default,3,Default,1,Default,Default,Default,Default,Default,Throughput,16,2,100,Large,SQLite,4,"1,987,100.37 μs","2,704,807.526 μs","148,259.628 μs","1,942,122.70 μs",4.0000,0.0000,0.0000,0.0000,0.0000,2443569.38 KB
'Concurrent Read Operations',Job-FGMWLZ,False,Default,Default,Default,Default,Default,Default,11111111111111111111111111111111,Empty,RyuJit,Default,X64,8c5e7fda-e8bf-4a96-9a85-a6e23a8c635c,.NET 9.0,False,True,False,True,Default,Default,False,False,False,Default,Default,Default,Default,Default,Default,Default,Default,3,Default,1,Default,Default,Default,Default,Default,Throughput,16,2,100,Large,SQLite,4,"3,769,728.23 μs","677,345.601 μs","37,127.598 μs","3,749,630.80 μs",4.0000,0.0000,4000.0000,4000.0000,4000.0000,7673813.43 KB
'Concurrent Mixed Operations',Job-FGMWLZ,False,Default,Default,Default,Default,Default,Default,11111111111111111111111111111111,Empty,RyuJit,Default,X64,8c5e7fda-e8bf-4a96-9a85-a6e23a8c635c,.NET 9.0,False,True,False,True,Default,Default,False,False,False,Default,Default,Default,Default,Default,Default,Default,Default,3,Default,1,Default,Default,Default,Default,Default,Throughput,16,2,100,Large,SQLite,4,"3,057,169.70 μs","2,623,731.941 μs","143,815.602 μs","2,987,747.30 μs",4.0000,0.0000,2000.0000,2000.0000,2000.0000,5120884.04 KB
'Concurrent Write Operations',Job-BWWECQ,False,Default,Default,Default,Default,Default,Default,11111111111111111111111111111111,Empty,RyuJit,Default,X64,8c5e7fda-e8bf-4a96-9a85-a6e23a8c635c,.NET 9.0,False,True,False,True,Default,Default,False,False,False,Default,Default,Default,Default,Default,Default,Default,Default,Default,Default,Default,Default,Default,Default,Default,Default,Throughput,16,Default,100,Large,SQLite,4,"2,028,263.86 μs","81,753.257 μs","239,768.169 μs","2,010,524.80 μs",4.0000,0.0000,0.0000,0.0000,0.0000,2443568.12 KB
'Concurrent Read Operations',Job-BWWECQ,False,Default,Default,Default,Default,Default,Default,11111111111111111111111111111111,Empty,RyuJit,Default,X64,8c5e7fda-e8bf-4a96-9a85-a6e23a8c635c,.NET 9.0,False,True,False,True,Default,Default,False,False,False,Default,Default,Default,Default,Default,Default,Default,Default,Default,Default,Default,Default,Default,Default,Default,Default,Throughput,16,Default,100,Large,SQLite,4,"3,355,953.87 μs","83,837.468 μs","247,196.685 μs","3,365,449.15 μs",4.0000,0.0000,4000.0000,4000.0000,4000.0000,7673807.41 KB
'Concurrent Mixed Operations',Job-BWWECQ,False,Default,Default,Default,Default,Default,Default,11111111111111111111111111111111,Empty,RyuJit,Default,X64,8c5e7fda-e8bf-4a96-9a85-a6e23a8c635c,.NET 9.0,False,True,False,True,Default,Default,False,False,False,Default,Default,Default,Default,Default,Default,Default,Default,Default,Default,Default,Default,Default,Default,Default,Default,Throughput,16,Default,100,Large,SQLite,4,"2,653,854.59 μs","77,876.279 μs","228,397.661 μs","2,640,271.30 μs",4.0000,0.0000,2000.0000,2000.0000,2000.0000,5277783.34 KB
'Concurrent Write Operations',Job-FGMWLZ,False,Default,Default,Default,Default,Default,Default,11111111111111111111111111111111,Empty,RyuJit,Default,X64,8c5e7fda-e8bf-4a96-9a85-a6e23a8c635c,.NET 9.0,False,True,False,True,Default,Default,False,False,False,Default,Default,Default,Default,Default,Default,Default,Default,3,Default,1,Default,Default,Default,Default,Default,Throughput,16,2,100,Medium,FileSystem,4,"57,436.28 μs","39,989.493 μs","2,191.959 μs","57,075.78 μs",203.8889,0.0000,333.3333,0.0000,0.0000,7231.34 KB
'Concurrent Read Operations',Job-FGMWLZ,False,Default,Default,Default,Default,Default,Default,11111111111111111111111111111111,Empty,RyuJit,Default,X64,8c5e7fda-e8bf-4a96-9a85-a6e23a8c635c,.NET 9.0,False,True,False,True,Default,Default,False,False,False,Default,Default,Default,Default,Default,Default,Default,Default,3,Default,1,Default,Default,Default,Default,Default,Throughput,16,2,100,Medium,FileSystem,4,"88,664.61 μs","35,285.726 μs","1,934.130 μs","87,928.26 μs",404.0000,0.0000,1000.0000,200.0000,0.0000,18930.47 KB
'Concurrent Mixed Operations',Job-FGMWLZ,False,Default,Default,Default,Default,Default,Default,11111111111111111111111111111111,Empty,RyuJit,Default,X64,8c5e7fda-e8bf-4a96-9a85-a6e23a8c635c,.NET 9.0,False,True,False,True,Default,Default,False,False,False,Default,Default,Default,Default,Default,Default,Default,Default,3,Default,1,Default,Default,Default,Default,Default,Throughput,16,2,100,Medium,FileSystem,4,"62,284.02 μs","33,018.566 μs","1,809.859 μs","61,541.88 μs",287.6250,0.0000,625.0000,125.0000,0.0000,13010.16 KB
'Concurrent Write Operations',Job-BWWECQ,False,Default,Default,Default,Default,Default,Default,11111111111111111111111111111111,Empty,RyuJit,Default,X64,8c5e7fda-e8bf-4a96-9a85-a6e23a8c635c,.NET 9.0,False,True,False,True,Default,Default,False,False,False,Default,Default,Default,Default,Default,Default,Default,Default,Default,Default,Default,Default,Default,Default,Default,Default,Throughput,16,Default,100,Medium,FileSystem,4,"68,686.49 μs","1,337.995 μs","2,822.287 μs","67,969.61 μs",204.0000,0.0000,333.3333,0.0000,0.0000,7231.36 KB
'Concurrent Read Operations',Job-BWWECQ,False,Default,Default,Default,Default,Default,Default,11111111111111111111111111111111,Empty,RyuJit,Default,X64,8c5e7fda-e8bf-4a96-9a85-a6e23a8c635c,.NET 9.0,False,True,False,True,Default,Default,False,False,False,Default,Default,Default,Default,Default,Default,Default,Default,Default,Default,Default,Default,Default,Default,Default,Default,Throughput,16,Default,100,Medium,FileSystem,4,"167,940.94 μs","2,496.161 μs","2,451.564 μs","167,490.30 μs",402.5000,0.0000,1000.0000,333.3333,0.0000,18929.83 KB
'Concurrent Mixed Operations',Job-BWWECQ,False,Default,Default,Default,Default,Default,Default,11111111111111111111111111111111,Empty,RyuJit,Default,X64,8c5e7fda-e8bf-4a96-9a85-a6e23a8c635c,.NET 9.0,False,True,False,True,Default,Default,False,False,False,Default,Default,Default,Default,Default,Default,Default,Default,Default,Default,Default,Default,Default,Default,Default,Default,Throughput,16,Default,100,Medium,FileSystem,4,"103,592.88 μs","3,314.362 μs","9,184.083 μs","105,153.92 μs",287.6667,0.0000,666.6667,166.6667,0.0000,12981.25 KB
'Concurrent Write Operations',Job-FGMWLZ,False,Default,Default,Default,Default,Default,Default,11111111111111111111111111111111,Empty,RyuJit,Default,X64,8c5e7fda-e8bf-4a96-9a85-a6e23a8c635c,.NET 9.0,False,True,False,True,Default,Default,False,False,False,Default,Default,Default,Default,Default,Default,Default,Default,3,Default,1,Default,Default,Default,Default,Default,Throughput,16,2,100,Medium,InMemory,4,84.57 μs,16.282 μs,0.892 μs,84.06 μs,4.0000,0.1014,0.9766,0.0000,0.0000,18.45 KB
'Concurrent Read Operations',Job-FGMWLZ,False,Default,Default,Default,Default,Default,Default,11111111111111111111111111111111,Empty,RyuJit,Default,X64,8c5e7fda-e8bf-4a96-9a85-a6e23a8c635c,.NET 9.0,False,True,False,True,Default,Default,False,False,False,Default,Default,Default,Default,Default,Default,Default,Default,3,Default,1,Default,Default,Default,Default,Default,Throughput,16,2,100,Medium,InMemory,4,273.32 μs,7.938 μs,0.435 μs,273.13 μs,4.0000,0.0112,0.9766,0.0000,0.0000,25.5 KB
'Concurrent Mixed Operations',Job-FGMWLZ,False,Default,Default,Default,Default,Default,Default,11111111111111111111111111111111,Empty,RyuJit,Default,X64,8c5e7fda-e8bf-4a96-9a85-a6e23a8c635c,.NET 9.0,False,True,False,True,Default,Default,False,False,False,Default,Default,Default,Default,Default,Default,Default,Default,3,Default,1,Default,Default,Default,Default,Default,Throughput,16,2,100,Medium,InMemory,4,238.11 μs,7.094 μs,0.389 μs,238.00 μs,4.0000,1.3264,0.9766,0.0000,0.0000,20.96 KB
'Concurrent Write Operations',Job-BWWECQ,False,Default,Default,Default,Default,Default,Default,11111111111111111111111111111111,Empty,RyuJit,Default,X64,8c5e7fda-e8bf-4a96-9a85-a6e23a8c635c,.NET 9.0,False,True,False,True,Default,Default,False,False,False,Default,Default,Default,Default,Default,Default,Default,Default,Default,Default,Default,Default,Default,Default,Default,Default,Throughput,16,Default,100,Medium,InMemory,4,505.32 μs,12.756 μs,37.411 μs,499.93 μs,4.0000,9.2778,0.9766,0.0000,0.0000,18.41 KB
'Concurrent Read Operations',Job-BWWECQ,False,Default,Default,Default,Default,Default,Default,11111111111111111111111111111111,Empty,RyuJit,Default,X64,8c5e7fda-e8bf-4a96-9a85-a6e23a8c635c,.NET 9.0,False,True,False,True,Default,Default,False,False,False,Default,Default,Default,Default,Default,Default,Default,Default,Default,Default,Default,Default,Default,Default,Default,Default,Throughput,16,Default,100,Medium,InMemory,4,426.22 μs,8.518 μs,20.895 μs,430.16 μs,4.0000,0.0317,0.9766,0.0000,0.0000,25.45 KB
'Concurrent Mixed Operations',Job-BWWECQ,False,Default,Default,Default,Default,Default,Default,11111111111111111111111111111111,Empty,RyuJit,Default,X64,8c5e7fda-e8bf-4a96-9a85-a6e23a8c635c,.NET 9.0,False,True,False,True,Default,Default,False,False,False,Default,Default,Default,Default,Default,Default,Default,Default,Default,Default,Default,Default,Default,Default,Default,Default,Throughput,16,Default,100,Medium,InMemory,4,395.22 μs,7.168 μs,6.705 μs,395.08 μs,4.0000,1.0283,0.9766,0.0000,0.0000,20.92 KB
'Concurrent Write Operations',Job-FGMWLZ,False,Default,Default,Default,Default,Default,Default,11111111111111111111111111111111,Empty,RyuJit,Default,X64,8c5e7fda-e8bf-4a96-9a85-a6e23a8c635c,.NET 9.0,False,True,False,True,Default,Default,False,False,False,Default,Default,Default,Default,Default,Default,Default,Default,3,Default,1,Default,Default,Default,Default,Default,Throughput,16,2,100,Medium,SQLite,4,"463,413.37 μs","51,282.309 μs","2,810.956 μs","464,327.20 μs",4.0000,0.0000,0.0000,0.0000,0.0000,7045.66 KB
'Concurrent Read Operations',Job-FGMWLZ,False,Default,Default,Default,Default,Default,Default,11111111111111111111111111111111,Empty,RyuJit,Default,X64,8c5e7fda-e8bf-4a96-9a85-a6e23a8c635c,.NET 9.0,False,True,False,True,Default,Default,False,False,False,Default,Default,Default,Default,Default,Default,Default,Default,3,Default,1,Default,Default,Default,Default,Default,Throughput,16,2,100,Medium,SQLite,4,"485,465.97 μs","60,217.365 μs","3,300.717 μs","485,170.00 μs",4.0000,0.0000,0.0000,0.0000,0.0000,17638.5 KB
'Concurrent Mixed Operations',Job-FGMWLZ,False,Default,Default,Default,Default,Default,Default,11111111111111111111111111111111,Empty,RyuJit,Default,X64,8c5e7fda-e8bf-4a96-9a85-a6e23a8c635c,.NET 9.0,False,True,False,True,Default,Default,False,False,False,Default,Default,Default,Default,Default,Default,Default,Default,3,Default,1,Default,Default,Default,Default,Default,Throughput,16,2,100,Medium,SQLite,4,"551,387.47 μs","1,437,894.446 μs","78,815.847 μs","507,083.70 μs",4.0000,0.0000,0.0000,0.0000,0.0000,12358.14 KB
'Concurrent Write Operations',Job-BWWECQ,False,Default,Default,Default,Default,Default,Default,11111111111111111111111111111111,Empty,RyuJit,Default,X64,8c5e7fda-e8bf-4a96-9a85-a6e23a8c635c,.NET 9.0,False,True,False,True,Default,Default,False,False,False,Default,Default,Default,Default,Default,Default,Default,Default,Default,Default,Default,Default,Default,Default,Default,Default,Throughput,16,Default,100,Medium,SQLite,4,"512,387.52 μs","10,210.425 μs","24,067.175 μs","509,205.40 μs",4.0000,0.0000,0.0000,0.0000,0.0000,7045.95 KB
'Concurrent Read Operations',Job-BWWECQ,False,Default,Default,Default,Default,Default,Default,11111111111111111111111111111111,Empty,RyuJit,Default,X64,8c5e7fda-e8bf-4a96-9a85-a6e23a8c635c,.NET 9.0,False,True,False,True,Default,Default,False,False,False,Default,Default,Default,Default,Default,Default,Default,Default,Default,Default,Default,Default,Default,Default,Default,Default,Throughput,16,Default,100,Medium,SQLite,4,"515,469.96 μs","10,577.172 μs","28,232.614 μs","510,298.70 μs",4.0000,0.0000,0.0000,0.0000,0.0000,17639.48 KB
'Concurrent Mixed Operations',Job-BWWECQ,False,Default,Default,Default,Default,Default,Default,11111111111111111111111111111111,Empty,RyuJit,Default,X64,8c5e7fda-e8bf-4a96-9a85-a6e23a8c635c,.NET 9.0,False,True,False,True,Default,Default,False,False,False,Default,Default,Default,Default,Default,Default,Default,Default,Default,Default,Default,Default,Default,Default,Default,Default,Throughput,16,Default,100,Medium,SQLite,4,"598,715.11 μs","37,939.440 μs","105,130.017 μs","578,380.40 μs",4.0000,0.0000,0.0000,0.0000,0.0000,12358.09 KB
'Concurrent Write Operations',Job-FGMWLZ,False,Default,Default,Default,Default,Default,Default,11111111111111111111111111111111,Empty,RyuJit,Default,X64,8c5e7fda-e8bf-4a96-9a85-a6e23a8c635c,.NET 9.0,False,True,False,True,Default,Default,False,False,False,Default,Default,Default,Default,Default,Default,Default,Default,3,Default,1,Default,Default,Default,Default,Default,Throughput,16,2,100,Small,FileSystem,4,"34,238.74 μs","6,486.770 μs",355.562 μs,"34,145.89 μs",104.0000,0.0000,83.3333,0.0000,0.0000,1819.83 KB
'Concurrent Read Operations',Job-FGMWLZ,False,Default,Default,Default,Default,Default,Default,11111111111111111111111111111111,Empty,RyuJit,Default,X64,8c5e7fda-e8bf-4a96-9a85-a6e23a8c635c,.NET 9.0,False,True,False,True,Default,Default,False,False,False,Default,Default,Default,Default,Default,Default,Default,Default,3,Default,1,Default,Default,Default,Default,Default,Throughput,16,2,100,Small,FileSystem,4,"70,314.27 μs","32,152.915 μs","1,762.410 μs","70,293.09 μs",303.8571,0.0000,142.8571,0.0000,0.0000,3916.68 KB
'Concurrent Mixed Operations',Job-FGMWLZ,False,Default,Default,Default,Default,Default,Default,11111111111111111111111111111111,Empty,RyuJit,Default,X64,8c5e7fda-e8bf-4a96-9a85-a6e23a8c635c,.NET 9.0,False,True,False,True,Default,Default,False,False,False,Default,Default,Default,Default,Default,Default,Default,Default,3,Default,1,Default,Default,Default,Default,Default,Throughput,16,2,100,Small,FileSystem,4,"47,939.74 μs","96,823.597 μs","5,307.228 μs","46,400.59 μs",209.1818,0.0000,90.9091,0.0000,0.0000,2767.89 KB
'Concurrent Write Operations',Job-BWWECQ,False,Default,Default,Default,Default,Default,Default,11111111111111111111111111111111,Empty,RyuJit,Default,X64,8c5e7fda-e8bf-4a96-9a85-a6e23a8c635c,.NET 9.0,False,True,False,True,Default,Default,False,False,False,Default,Default,Default,Default,Default,Default,Default,Default,Default,Default,Default,Default,Default,Default,Default,Default,Throughput,16,Default,100,Small,FileSystem,4,"60,582.12 μs","1,994.424 μs","5,625.308 μs","60,740.60 μs",104.0000,0.0000,76.9231,0.0000,0.0000,1819.79 KB
'Concurrent Read Operations',Job-BWWECQ,False,Default,Default,Default,Default,Default,Default,11111111111111111111111111111111,Empty,RyuJit,Default,X64,8c5e7fda-e8bf-4a96-9a85-a6e23a8c635c,.NET 9.0,False,True,False,True,Default,Default,False,False,False,Default,Default,Default,Default,Default,Default,Default,Default,Default,Default,Default,Default,Default,Default,Default,Default,Throughput,16,Default,100,Small,FileSystem,4,"156,879.84 μs","4,496.964 μs","12,461.068 μs","158,920.36 μs",302.8571,0.2857,142.8571,0.0000,0.0000,3916.78 KB
'Concurrent Mixed Operations',Job-BWWECQ,False,Default,Default,Default,Default,Default,Default,11111111111111111111111111111111,Empty,RyuJit,Default,X64,8c5e7fda-e8bf-4a96-9a85-a6e23a8c635c,.NET 9.0,False,True,False,True,Default,Default,False,False,False,Default,Default,Default,Default,Default,Default,Default,Default,Default,Default,Default,Default,Default,Default,Default,Default,Throughput,16,Default,100,Small,FileSystem,4,"94,969.15 μs","1,507.777 μs","1,259.062 μs","95,111.21 μs",208.4167,0.1667,83.3333,0.0000,0.0000,2762.39 KB
'Concurrent Write Operations',Job-FGMWLZ,False,Default,Default,Default,Default,Default,Default,11111111111111111111111111111111,Empty,RyuJit,Default,X64,8c5e7fda-e8bf-4a96-9a85-a6e23a8c635c,.NET 9.0,False,True,False,True,Default,Default,False,False,False,Default,Default,Default,Default,Default,Default,Default,Default,3,Default,1,Default,Default,Default,Default,Default,Throughput,16,2,100,Small,InMemory,4,298.58 μs,47.847 μs,2.623 μs,298.41 μs,4.0000,4.4990,0.9766,0.0000,0.0000,18.45 KB
'Concurrent Read Operations',Job-FGMWLZ,False,Default,Default,Default,Default,Default,Default,11111111111111111111111111111111,Empty,RyuJit,Default,X64,8c5e7fda-e8bf-4a96-9a85-a6e23a8c635c,.NET 9.0,False,True,False,True,Default,Default,False,False,False,Default,Default,Default,Default,Default,Default,Default,Default,3,Default,1,Default,Default,Default,Default,Default,Throughput,16,2,100,Small,InMemory,4,274.93 μs,8.241 μs,0.452 μs,274.96 μs,4.0000,0.0269,0.9766,0.0000,0.0000,25.5 KB
'Concurrent Mixed Operations',Job-FGMWLZ,False,Default,Default,Default,Default,Default,Default,11111111111111111111111111111111,Empty,RyuJit,Default,X64,8c5e7fda-e8bf-4a96-9a85-a6e23a8c635c,.NET 9.0,False,True,False,True,Default,Default,False,False,False,Default,Default,Default,Default,Default,Default,Default,Default,3,Default,1,Default,Default,Default,Default,Default,Throughput,16,2,100,Small,InMemory,4,237.86 μs,43.980 μs,2.411 μs,237.77 μs,4.0000,1.5437,0.9766,0.0000,0.0000,20.96 KB
'Concurrent Write Operations',Job-BWWECQ,False,Default,Default,Default,Default,Default,Default,11111111111111111111111111111111,Empty,RyuJit,Default,X64,8c5e7fda-e8bf-4a96-9a85-a6e23a8c635c,.NET 9.0,False,True,False,True,Default,Default,False,False,False,Default,Default,Default,Default,Default,Default,Default,Default,Default,Default,Default,Default,Default,Default,Default,Default,Throughput,16,Default,100,Small,InMemory,4,502.13 μs,21.143 μs,61.338 μs,496.88 μs,4.0000,6.3247,0.9766,0.0000,0.0000,18.42 KB
'Concurrent Read Operations',Job-BWWECQ,False,Default,Default,Default,Default,Default,Default,11111111111111111111111111111111,Empty,RyuJit,Default,X64,8c5e7fda-e8bf-4a96-9a85-a6e23a8c635c,.NET 9.0,False,True,False,True,Default,Default,False,False,False,Default,Default,Default,Default,Default,Default,Default,Default,Default,Default,Default,Default,Default,Default,Default,Default,Throughput,16,Default,100,Small,InMemory,4,419.24 μs,12.772 μs,37.657 μs,428.55 μs,4.0000,0.0127,0.9766,0.0000,0.0000,25.45 KB
'Concurrent Mixed Operations',Job-BWWECQ,False,Default,Default,Default,Default,Default,Default,11111111111111111111111111111111,Empty,RyuJit,Default,X64,8c5e7fda-e8bf-4a96-9a85-a6e23a8c635c,.NET 9.0,False,True,False,True,Default,Default,False,False,False,Default,Default,Default,Default,Default,Default,Default,Default,Default,Default,Default,Default,Default,Default,Default,Default,Throughput,16,Default,100,Small,InMemory,4,396.41 μs,7.693 μs,7.196 μs,397.91 μs,4.0000,0.9832,0.9766,0.0000,0.0000,20.91 KB
'Concurrent Write Operations',Job-FGMWLZ,False,Default,Default,Default,Default,Default,Default,11111111111111111111111111111111,Empty,RyuJit,Default,X64,8c5e7fda-e8bf-4a96-9a85-a6e23a8c635c,.NET 9.0,False,True,False,True,Default,Default,False,False,False,Default,Default,Default,Default,Default,Default,Default,Default,3,Default,1,Default,Default,Default,Default,Default,Throughput,16,2,100,Small,SQLite,4,"776,399.43 μs","118,680.484 μs","6,505.278 μs","773,156.60 μs",4.0000,0.0000,0.0000,0.0000,0.0000,1293.23 KB
'Concurrent Read Operations',Job-FGMWLZ,False,Default,Default,Default,Default,Default,Default,11111111111111111111111111111111,Empty,RyuJit,Default,X64,8c5e7fda-e8bf-4a96-9a85-a6e23a8c635c,.NET 9.0,False,True,False,True,Default,Default,False,False,False,Default,Default,Default,Default,Default,Default,Default,Default,3,Default,1,Default,Default,Default,Default,Default,Throughput,16,2,100,Small,SQLite,4,"668,234.30 μs","4,975,496.241 μs","272,723.739 μs","559,257.30 μs",4.0000,0.0000,0.0000,0.0000,0.0000,2763.09 KB
'Concurrent Mixed Operations',Job-FGMWLZ,False,Default,Default,Default,Default,Default,Default,11111111111111111111111111111111,Empty,RyuJit,Default,X64,8c5e7fda-e8bf-4a96-9a85-a6e23a8c635c,.NET 9.0,False,True,False,True,Default,Default,False,False,False,Default,Default,Default,Default,Default,Default,Default,Default,3,Default,1,Default,Default,Default,Default,Default,Throughput,16,2,100,Small,SQLite,4,"830,743.13 μs","8,389,639.997 μs","459,864.480 μs","631,318.70 μs",4.0000,0.0000,0.0000,0.0000,0.0000,1949.61 KB
'Concurrent Write Operations',Job-BWWECQ,False,Default,Default,Default,Default,Default,Default,11111111111111111111111111111111,Empty,RyuJit,Default,X64,8c5e7fda-e8bf-4a96-9a85-a6e23a8c635c,.NET 9.0,False,True,False,True,Default,Default,False,False,False,Default,Default,Default,Default,Default,Default,Default,Default,Default,Default,Default,Default,Default,Default,Default,Default,Throughput,16,Default,100,Small,SQLite,4,"588,289.11 μs","51,746.783 μs","144,249.357 μs","522,916.30 μs",4.0000,0.0000,0.0000,0.0000,0.0000,1291.59 KB
'Concurrent Read Operations',Job-BWWECQ,False,Default,Default,Default,Default,Default,Default,11111111111111111111111111111111,Empty,RyuJit,Default,X64,8c5e7fda-e8bf-4a96-9a85-a6e23a8c635c,.NET 9.0,False,True,False,True,Default,Default,False,False,False,Default,Default,Default,Default,Default,Default,Default,Default,Default,Default,Default,Default,Default,Default,Default,Default,Throughput,16,Default,100,Small,SQLite,4,"639,239.75 μs","57,677.608 μs","161,734.208 μs","549,763.20 μs",4.0000,0.0000,0.0000,0.0000,0.0000,2765.01 KB
'Concurrent Mixed Operations',Job-BWWECQ,False,Default,Default,Default,Default,Default,Default,11111111111111111111111111111111,Empty,RyuJit,Default,X64,8c5e7fda-e8bf-4a96-9a85-a6e23a8c635c,.NET 9.0,False,True,False,True,Default,Default,False,False,False,Default,Default,Default,Default,Default,Default,Default,Default,Default,Default,Default,Default,Default,Default,Default,Default,Throughput,16,Default,100,Small,SQLite,4,"569,192.92 μs","29,647.141 μs","81,158.577 μs","533,100.10 μs",4.0000,0.0000,0.0000,0.0000,0.0000,1949.94 KB
